date,country,D,H,I,M,S
2019-08-01,Italy,0,51,6,0,0
2019-08-01,Japan,0,111,11,0,0
2019-08-02,Italy,0,47,10,0,0
2019-08-02,Japan,0,101,21,0,0
2019-08-03,Italy,0,42,15,0,0
2019-08-03,Japan,0,87,35,0,0
2019-08-04,Italy,0,40,17,0,0
2019-08-04,Japan,0,79,43,0,0
2019-08-05,Italy,0,38,19,0,0
2019-08-05,Japan,0,65,57,0,0
2019-08-06,Italy,0,36,15,3,3
2019-08-06,Japan,0,59,52,7,4
2019-08-07,Italy,0,29,18,6,4
2019-08-07,Japan,0,53,48,13,8
2019-08-08,Italy,0,24,18,8,7
2019-08-08,Japan,0,45,42,19,16
2019-08-09,Italy,0,24,16,9,8
2019-08-09,Japan,0,40,39,20,23
2019-08-10,Italy,0,23,15,9,10
2019-08-10,Japan,0,33,32,27,30
2019-08-11,Italy,0,19,17,11,10
2019-08-11,Japan,0,31,28,31,32
2019-08-12,Italy,0,16,13,17,11
2019-08-12,Japan,0,30,23,34,35
2019-08-13,Italy,0,16,8,19,14
2019-08-13,Japan,0,29,16,38,39
2019-08-14,Italy,0,16,8,19,14
2019-08-14,Japan,0,29,11,40,42
2019-08-15,Italy,0,15,8,19,15
2019-08-15,Japan,0,25,8,45,44
2019-08-16,Italy,0,13,6,22,16
2019-08-16,Japan,0,25,6,47,44
2019-08-17,Italy,0,12,4,25,16
2019-08-17,Japan,0,22,8,48,44
2019-08-18,Italy,0,10,6,25,16
2019-08-18,Japan,0,19,10,48,45
2019-08-19,Italy,0,8,8,25,16
2019-08-19,Japan,0,15,14,48,45
2019-08-20,Italy,0,8,7,25,17
2019-08-20,Japan,0,13,12,50,47
2019-08-21,Italy,1,6,7,28,15
2019-08-21,Japan,0,12,13,54,43
2019-08-22,Italy,1,6,6,29,15
2019-08-22,Japan,0,10,12,60,40
2019-08-23,Italy,1,4,6,33,13
2019-08-23,Japan,0,9,10,69,34
2019-08-24,Italy,1,3,5,34,14
2019-08-24,Japan,0,8,7,77,30
2019-08-25,Italy,1,3,5,36,12
2019-08-25,Japan,0,6,7,84,25
2019-08-26,Italy,1,3,3,36,14
2019-08-26,Japan,0,5,7,86,24
2019-08-27,Italy,1,3,3,37,13
2019-08-27,Japan,0,3,7,90,22
2019-08-28,Italy,1,3,1,41,11
2019-08-28,Japan,0,3,6,95,18
2019-08-29,Italy,1,2,1,42,11
2019-08-29,Japan,0,3,5,98,16
2019-08-30,Italy,1,1,2,43,10
2019-08-30,Japan,0,3,3,102,14
2019-08-31,Italy,1,1,2,44,9
2019-08-31,Japan,0,2,3,102,15
2019-09-01,Italy,1,0,3,44,9
2019-09-01,Japan,0,2,1,103,16
2019-09-02,Italy,1,0,3,44,9
2019-09-02,Japan,0,1,2,104,15
2019-09-03,Italy,1,0,2,44,10
2019-09-03,Japan,0,1,2,104,15
2019-09-04,Italy,1,0,1,46,9
2019-09-04,Japan,0,1,2,106,13
2019-09-05,Italy,1,0,1,47,8
2019-09-05,Japan,0,1,1,107,13
2019-09-06,Italy,1,0,0,49,7
2019-09-06,Japan,0,1,1,108,12
2019-09-07,Italy,1,0,0,50,6
2019-09-07,Japan,0,1,0,110,11
2019-09-08,Italy,1,0,0,52,4
2019-09-08,Japan,0,1,0,113,8
2019-09-09,Italy,1,0,0,52,4
2019-09-09,Japan,0,1,0,115,6
2019-09-10,Italy,1,0,0,54,2
2019-09-10,Japan,0,0,1,116,5
2019-09-11,Italy,1,0,0,54,2
2019-09-11,Japan,0,0,1,117,4
2019-09-12,Italy,1,0,0,55,1
2019-09-12,Japan,0,0,1,117,4
2019-09-13,Italy,1,0,0,55,1
2019-09-13,Japan,0,0,1,118,3
2019-09-14,Italy,1,0,0,55,1
2019-09-14,Japan,0,0,1,118,3
2019-09-15,Italy,1,0,0,55,1
2019-09-15,Japan,0,0,0,120,2
2019-09-16,Italy,1,0,0,55,1
2019-09-16,Japan,0,0,0,121,1
2019-09-17,Italy,1,0,0,55,1
2019-09-17,Japan,0,0,0,121,1
2019-09-18,Italy,1,0,0,56,0
2019-09-18,Japan,0,0,0,121,1
2019-09-19,Italy,1,0,0,56,0
2019-09-19,Japan,0,0,0,121,1
2019-09-20,Italy,1,0,0,56,0
2019-09-20,Japan,0,0,0,121,1
2019-09-21,Italy,1,0,0,56,0
2019-09-21,Japan,0,0,0,121,1
2019-09-22,Italy,1,0,0,56,0
2019-09-22,Japan,0,0,0,122,0
2019-09-23,Italy,1,0,0,56,0
2019-09-23,Japan,0,0,0,122,0
2019-09-24,Italy,1,0,0,56,0
2019-09-24,Japan,0,0,0,122,0
2019-09-25,Italy,1,0,0,56,0
2019-09-25,Japan,0,0,0,122,0
2019-09-26,Italy,1,0,0,56,0
2019-09-26,Japan,0,0,0,122,0
2019-09-27,Italy,1,0,0,56,0
2019-09-27,Japan,0,0,0,122,0
2019-09-28,Italy,1,0,0,56,0
2019-09-28,Japan,0,0,0,122,0
2019-09-29,Italy,1,0,0,56,0
2019-09-29,Japan,0,0,0,122,0
2019-09-30,Italy,1,0,0,56,0
2019-09-30,Japan,0,0,0,122,0
2019-10-01,Italy,1,0,0,56,0
2019-10-01,Japan,0,0,0,122,0
2019-10-02,Italy,1,0,0,56,0
2019-10-02,Japan,0,0,0,122,0
2019-10-03,Italy,1,0,0,56,0
2019-10-03,Japan,0,0,0,122,0
2019-10-04,Italy,1,0,0,56,0
2019-10-04,Japan,0,0,0,122,0
2019-10-05,Italy,1,0,0,56,0
2019-10-05,Japan,0,0,0,122,0
2019-10-06,Italy,1,0,0,56,0
2019-10-06,Japan,0,0,0,122,0
2019-10-07,Italy,1,0,0,56,0
2019-10-07,Japan,0,0,0,122,0
2019-10-08,Italy,1,0,0,56,0
2019-10-08,Japan,0,0,0,122,0
2019-10-09,Italy,1,0,0,56,0
2019-10-09,Japan,0,0,0,122,0
2019-10-10,Italy,1,0,0,56,0
2019-10-10,Japan,0,0,0,122,0
2019-10-11,Italy,1,0,0,56,0
2019-10-11,Japan,0,0,0,122,0
2019-10-12,Italy,1,0,0,56,0
2019-10-12,Japan,0,0,0,122,0
2019-10-13,Italy,1,0,0,56,0
2019-10-13,Japan,0,0,0,122,0
2019-10-14,Italy,1,0,0,56,0
2019-10-14,Japan,0,0,0,122,0
2019-10-15,Italy,1,0,0,56,0
2019-10-15,Japan,0,0,0,122,0
2019-10-16,Italy,1,0,0,56,0
2019-10-16,Japan,0,0,0,122,0
2019-10-17,Italy,1,0,0,56,0
2019-10-17,Japan,0,0,0,122,0
2019-10-18,Italy,1,0,0,56,0
2019-10-18,Japan,0,0,0,122,0
2019-10-19,Italy,1,0,0,56,0
2019-10-19,Japan,0,0,0,122,0
2019-10-20,Italy,1,0,0,56,0
2019-10-20,Japan,0,0,0,122,0
2019-10-21,Italy,1,0,0,56,0
2019-10-21,Japan,0,0,0,122,0
2019-10-22,Italy,1,0,0,56,0
2019-10-22,Japan,0,0,0,122,0
2019-10-23,Italy,1,0,0,56,0
2019-10-23,Japan,0,0,0,122,0
2019-10-24,Italy,1,0,0,56,0
2019-10-24,Japan,0,0,0,122,0
2019-10-25,Italy,1,0,0,56,0
2019-10-25,Japan,0,0,0,122,0
2019-10-26,Italy,1,0,0,56,0
2019-10-26,Japan,0,0,0,122,0
2019-10-27,Italy,1,0,0,56,0
2019-10-27,Japan,0,0,0,122,0
2019-10-28,Italy,1,0,0,56,0
2019-10-28,Japan,0,0,0,122,0
2019-10-29,Italy,1,0,0,56,0
2019-10-29,Japan,0,0,0,122,0
2019-10-30,Italy,1,0,0,56,0
2019-10-30,Japan,0,0,0,122,0
2019-10-31,Italy,1,0,0,56,0
2019-10-31,Japan,0,0,0,122,0
2019-11-01,Italy,1,0,0,56,0
2019-11-01,Japan,0,0,0,122,0
2019-11-02,Italy,1,0,0,56,0
2019-11-02,Japan,0,0,0,122,0
2019-11-03,Italy,1,0,0,56,0
2019-11-03,Japan,0,0,0,122,0
2019-11-04,Italy,1,0,0,56,0
2019-11-04,Japan,0,0,0,122,0
2019-11-05,Italy,1,0,0,56,0
2019-11-05,Japan,0,0,0,122,0
2019-11-06,Italy,1,0,0,56,0
2019-11-06,Japan,0,0,0,122,0
2019-11-07,Italy,1,0,0,56,0
2019-11-07,Japan,0,0,0,122,0
2019-11-08,Italy,1,0,0,56,0
2019-11-08,Japan,0,0,0,122,0
2019-11-09,Italy,1,0,0,56,0
2019-11-09,Japan,0,0,0,122,0
2019-11-10,Italy,1,0,0,56,0
2019-11-10,Japan,0,0,0,122,0
2019-11-11,Italy,1,0,0,56,0
2019-11-11,Japan,0,0,0,122,0
2019-11-12,Italy,1,0,0,56,0
2019-11-12,Japan,0,0,0,122,0
2019-11-13,Italy,1,0,0,56,0
2019-11-13,Japan,0,0,0,122,0
2019-11-14,Italy,1,0,0,56,0
2019-11-14,Japan,0,0,0,122,0
2019-11-15,Italy,1,0,0,56,0
2019-11-15,Japan,0,0,0,122,0
2019-11-16,Italy,1,0,0,56,0
2019-11-16,Japan,0,0,0,122,0
2019-11-17,Italy,1,0,0,56,0
2019-11-17,Japan,0,0,0,122,0
2019-11-18,Italy,1,0,0,56,0
2019-11-18,Japan,0,0,0,122,0
2019-11-19,Italy,1,0,0,56,0
2019-11-19,Japan,0,0,0,122,0
2019-11-20,Italy,1,0,0,56,0
2019-11-20,Japan,0,0,0,122,0
2019-11-21,Italy,1,0,0,56,0
2019-11-21,Japan,0,0,0,122,0
2019-11-22,Italy,1,0,0,56,0
2019-11-22,Japan,0,0,0,122,0
2019-11-23,Italy,1,0,0,56,0
2019-11-23,Japan,0,0,0,122,0
2019-11-24,Italy,1,0,0,56,0
2019-11-24,Japan,0,0,0,122,0
2019-11-25,Italy,1,0,0,56,0
2019-11-25,Japan,0,0,0,122,0
2019-11-26,Italy,1,0,0,56,0
2019-11-26,Japan,0,0,0,122,0
2019-11-27,Italy,1,0,0,56,0
2019-11-27,Japan,0,0,0,122,0
2019-11-28,Italy,1,0,0,56,0
2019-11-28,Japan,0,0,0,122,0
2019-11-29,Italy,1,0,0,56,0
2019-11-29,Japan,0,0,0,122,0
2019-11-30,Italy,1,0,0,56,0
2019-11-30,Japan,0,0,0,122,0
2019-12-01,Italy,1,0,0,56,0
2019-12-01,Japan,0,0,0,122,0
2019-12-02,Italy,1,0,0,56,0
2019-12-02,Japan,0,0,0,122,0
2019-12-03,Italy,1,0,0,56,0
2019-12-03,Japan,0,0,0,122,0
2019-12-04,Italy,1,0,0,56,0
2019-12-04,Japan,0,0,0,122,0
2019-12-05,Italy,1,3,0,53,0
2019-12-05,Japan,0,7,0,115,0
2019-12-06,Italy,1,6,0,50,0
2019-12-06,Japan,0,13,0,109,0
2019-12-07,Italy,1,8,0,48,0
2019-12-07,Japan,0,17,2,103,0
2019-12-08,Italy,1,8,1,47,0
2019-12-08,Japan,0,16,4,102,0
2019-12-09,Italy,1,7,2,47,0
2019-12-09,Japan,0,22,5,95,0
2019-12-10,Italy,1,7,4,45,0
2019-12-10,Japan,0,25,6,91,0
2019-12-11,Italy,1,13,4,39,0
2019-12-11,Japan,0,27,7,88,0
2019-12-12,Italy,1,13,6,37,0
2019-12-12,Japan,0,30,6,85,1
2019-12-13,Italy,1,11,7,37,1
2019-12-13,Japan,0,29,7,84,2
2019-12-14,Italy,1,9,8,38,1
2019-12-14,Japan,0,30,10,79,3
2019-12-15,Italy,1,12,6,36,2
2019-12-15,Japan,0,28,13,77,4
2019-12-16,Italy,1,15,6,33,2
2019-12-16,Japan,0,26,15,76,5
2019-12-17,Italy,1,15,4,34,3
2019-12-17,Japan,0,23,17,76,6
2019-12-18,Italy,1,13,4,36,3
2019-12-18,Japan,0,22,15,77,8
2019-12-19,Italy,1,12,3,37,4
2019-12-19,Japan,0,23,12,78,9
2019-12-20,Italy,1,14,4,34,4
2019-12-20,Japan,0,24,11,76,11
2019-12-21,Italy,1,14,5,33,4
2019-12-21,Japan,0,27,11,72,12
2019-12-22,Italy,1,16,7,29,4
2019-12-22,Japan,0,34,10,64,14
2019-12-23,Italy,1,14,8,30,4
2019-12-23,Japan,0,40,11,57,14
2019-12-24,Italy,1,16,7,28,5
2019-12-24,Japan,0,44,13,51,14
2019-12-25,Italy,1,14,8,29,5
2019-12-25,Japan,0,43,13,51,15
2019-12-26,Italy,1,14,8,29,5
2019-12-26,Japan,0,40,17,47,18
2019-12-27,Italy,1,15,9,26,6
2019-12-27,Japan,0,40,20,43,19
2019-12-28,Italy,1,16,6,27,7
2019-12-28,Japan,0,38,23,41,20
2019-12-29,Italy,1,16,7,26,7
2019-12-29,Japan,0,41,21,39,21
2019-12-30,Italy,1,16,6,28,6
2019-12-30,Japan,1,39,20,40,22
2019-12-31,Italy,1,14,7,29,6
2019-12-31,Japan,1,36,17,44,24
2020-01-01,Italy,1,14,4,32,6
2020-01-01,Japan,1,34,15,47,25
2020-01-02,Italy,1,11,7,32,6
2020-01-02,Japan,1,31,13,50,27
2020-01-03,Italy,1,13,6,31,6
2020-01-03,Japan,1,32,13,50,26
2020-01-04,Italy,1,12,7,30,7
2020-01-04,Japan,1,26,18,52,25
2020-01-05,Italy,1,14,5,28,9
2020-01-05,Japan,1,24,17,54,26
2020-01-06,Italy,1,15,5,27,9
2020-01-06,Japan,1,21,19,55,26
2020-01-07,Italy,1,14,5,25,12
2020-01-07,Japan,1,20,20,53,28
2020-01-08,Italy,1,14,5,26,11
2020-01-08,Japan,1,21,20,51,29
2020-01-09,Italy,1,16,3,24,13
2020-01-09,Japan,1,17,18,56,30
2020-01-10,Italy,1,13,6,24,13
2020-01-10,Japan,1,17,16,59,29
2020-01-11,Italy,1,12,8,24,12
2020-01-11,Japan,1,16,12,64,29
2020-01-12,Italy,1,10,7,28,11
2020-01-12,Japan,1,13,12,67,29
2020-01-13,Italy,1,9,8,28,11
2020-01-13,Japan,1,13,11,70,27
2020-01-14,Italy,1,7,10,28,11
2020-01-14,Japan,1,14,7,72,28
2020-01-15,Italy,1,7,7,30,12
2020-01-15,Japan,1,15,6,74,26
2020-01-16,Italy,1,6,6,32,12
2020-01-16,Japan,1,12,8,77,24
2020-01-17,Italy,1,5,6,32,13
2020-01-17,Japan,2,10,6,83,21
2020-01-18,Italy,1,5,5,33,13
2020-01-18,Japan,2,10,6,83,21
2020-01-19,Italy,1,5,3,36,12
2020-01-19,Japan,2,10,5,85,20
2020-01-20,Italy,1,4,4,38,10
2020-01-20,Japan,2,10,5,87,18
2020-01-21,Italy,1,4,3,39,10
2020-01-21,Japan,2,10,3,91,16
2020-01-22,Italy,1,4,1,43,8
2020-01-22,Japan,2,9,2,94,15
2020-01-23,Italy,1,4,1,43,8
2020-01-23,Japan,2,7,4,95,14
2020-01-24,Italy,1,3,2,45,6
2020-01-24,Japan,2,7,4,97,12
2020-01-25,Italy,1,3,1,45,7
2020-01-25,Japan,2,5,6,99,10
2020-01-26,Italy,1,3,1,45,7
2020-01-26,Japan,2,5,5,101,9
2020-01-27,Italy,1,2,2,46,6
2020-01-27,Japan,2,5,4,103,8
2020-01-28,Italy,1,2,2,46,6
2020-01-28,Japan,2,4,3,103,10
2020-01-29,Italy,1,1,2,46,7
2020-01-29,Japan,2,3,4,106,7
2020-01-30,Italy,1,1,2,47,6
2020-01-30,Japan,2,3,2,108,7
2020-01-31,Italy,1,1,2,48,5
2020-01-31,Japan,2,3,2,108,7
2020-02-01,Italy,1,1,1,50,4
2020-02-01,Japan,2,3,2,109,6
2020-02-02,Italy,1,1,1,51,3
2020-02-02,Japan,2,3,1,109,7
2020-02-03,Italy,1,1,0,52,3
2020-02-03,Japan,2,3,0,110,7
2020-02-04,Italy,1,0,1,52,3
2020-02-04,Japan,2,3,0,110,7
2020-02-05,Italy,1,0,1,52,3
2020-02-05,Japan,2,3,0,110,7
2020-02-06,Italy,1,0,1,53,2
2020-02-06,Japan,2,3,0,111,6
2020-02-07,Italy,1,0,1,53,2
2020-02-07,Japan,2,3,0,111,6
2020-02-08,Italy,1,0,1,53,2
2020-02-08,Japan,2,3,0,111,6
2020-02-09,Italy,1,0,0,54,2
2020-02-09,Japan,2,3,0,111,6
2020-02-10,Italy,1,0,0,54,2
2020-02-10,Japan,2,3,0,112,5
2020-02-11,Italy,1,0,0,54,2
2020-02-11,Japan,2,3,0,113,4
2020-02-12,Italy,1,0,0,54,2
2020-02-12,Japan,2,2,1,115,2
2020-02-13,Italy,1,0,0,55,1
2020-02-13,Japan,2,2,1,115,2
2020-02-14,Italy,1,0,0,55,1
2020-02-14,Japan,2,2,1,116,1
2020-02-15,Italy,1,0,0,55,1
2020-02-15,Japan,2,1,2,116,1
2020-02-16,Italy,1,0,0,55,1
2020-02-16,Japan,2,1,2,116,1
2020-02-17,Italy,1,0,0,55,1
2020-02-17,Japan,2,0,2,118,0
2020-02-18,Italy,1,0,0,55,1
2020-02-18,Japan,2,0,2,118,0
2020-02-19,Italy,1,0,0,55,1
2020-02-19,Japan,2,0,2,118,0
2020-02-20,Italy,1,0,0,55,1
2020-02-20,Japan,2,0,1,119,0
2020-02-21,Italy,1,0,0,55,1
2020-02-21,Japan,2,0,1,119,0
2020-02-22,Italy,1,0,0,55,1
2020-02-22,Japan,2,0,0,119,1
2020-02-23,Italy,1,0,0,55,1
2020-02-23,Japan,2,0,0,119,1
2020-02-24,Italy,1,0,0,56,0
2020-02-24,Japan,2,0,0,119,1
2020-02-25,Italy,1,0,0,56,0
2020-02-25,Japan,2,0,0,119,1
2020-02-26,Italy,1,0,0,56,0
2020-02-26,Japan,2,0,0,119,1
2020-02-27,Italy,1,0,0,56,0
2020-02-27,Japan,2,0,0,119,1
2020-02-28,Italy,1,0,0,56,0
2020-02-28,Japan,2,0,0,119,1
2020-02-29,Italy,1,0,0,56,0
2020-02-29,Japan,2,0,0,119,1
2020-03-01,Italy,1,0,0,56,0
2020-03-01,Japan,2,0,0,119,1
2020-03-02,Italy,1,0,0,56,0
2020-03-02,Japan,2,0,0,119,1
2020-03-03,Italy,1,0,0,56,0
2020-03-03,Japan,2,0,0,119,1
2020-03-04,Italy,1,0,0,56,0
2020-03-04,Japan,2,0,0,119,1
2020-03-05,Italy,1,0,0,56,0
2020-03-05,Japan,2,0,0,119,1
2020-03-06,Italy,1,0,0,56,0
2020-03-06,Japan,2,0,0,119,1
2020-03-07,Italy,1,0,0,56,0
2020-03-07,Japan,2,0,0,119,1
2020-03-08,Italy,1,0,0,56,0
2020-03-08,Japan,2,0,0,120,0
2020-03-09,Italy,1,0,0,56,0
2020-03-09,Japan,2,0,0,120,0
2020-03-10,Italy,1,0,0,56,0
2020-03-10,Japan,2,0,0,120,0
2020-03-11,Italy,1,0,0,56,0
2020-03-11,Japan,2,0,0,120,0
2020-03-12,Italy,1,0,0,56,0
2020-03-12,Japan,2,0,0,120,0
2020-03-13,Italy,1,0,0,56,0
2020-03-13,Japan,2,0,0,120,0
2020-03-14,Italy,1,0,0,56,0
2020-03-14,Japan,2,0,0,120,0
2020-03-15,Italy,1,0,0,56,0
2020-03-15,Japan,2,0,0,120,0
2020-03-16,Italy,1,0,0,56,0
2020-03-16,Japan,2,0,0,120,0
2020-03-17,Italy,1,0,0,56,0
2020-03-17,Japan,2,0,0,120,0
2020-03-18,Italy,1,0,0,56,0
2020-03-18,Japan,2,0,0,120,0
2020-03-19,Italy,1,0,0,56,0
2020-03-19,Japan,2,0,0,120,0
2020-03-20,Italy,1,0,0,56,0
2020-03-20,Japan,2,0,0,120,0
2020-03-21,Italy,1,0,0,56,0
2020-03-21,Japan,2,0,0,120,0
2020-03-22,Italy,1,0,0,56,0
2020-03-22,Japan,2,0,0,120,0
2020-03-23,Italy,1,0,0,56,0
2020-03-23,Japan,2,0,0,120,0
2020-03-24,Italy,1,0,0,56,0
2020-03-24,Japan,2,0,0,120,0
2020-03-25,Italy,1,0,0,56,0
2020-03-25,Japan,2,0,0,120,0
2020-03-26,Italy,1,0,0,56,0
2020-03-26,Japan,2,0,0,120,0
2020-03-27,Italy,1,0,0,56,0
2020-03-27,Japan,2,0,0,120,0
2020-03-28,Italy,1,0,0,56,0
2020-03-28,Japan,2,0,0,120,0
2020-03-29,Italy,1,0,0,56,0
2020-03-29,Japan,2,0,0,120,0
2020-03-30,Italy,1,0,0,56,0
2020-03-30,Japan,2,0,0,120,0
2020-03-31,Italy,1,0,0,56,0
2020-03-31,Japan,2,0,0,120,0
2020-04-01,Italy,1,0,0,56,0
2020-04-01,Japan,2,0,0,120,0
2020-04-02,Italy,1,0,0,56,0
2020-04-02,Japan,2,0,0,120,0
2020-04-03,Italy,1,0,0,56,0
2020-04-03,Japan,2,0,0,120,0
2020-04-04,Italy,1,0,0,56,0
2020-04-04,Japan,2,0,0,120,0
2020-04-05,Italy,1,0,0,56,0
2020-04-05,Japan,2,0,0,120,0
2020-04-06,Italy,1,0,0,56,0
2020-04-06,Japan,2,0,0,120,0
2020-04-07,Italy,1,0,0,56,0
2020-04-07,Japan,2,0,0,120,0
2020-04-08,Italy,1,0,0,56,0
2020-04-08,Japan,2,0,0,120,0
2020-04-09,Italy,1,0,0,56,0
2020-04-09,Japan,2,0,0,120,0
2020-04-10,Italy,1,0,0,56,0
2020-04-10,Japan,2,0,0,120,0
2020-04-11,Italy,1,0,0,56,0
2020-04-11,Japan,2,1,0,119,0
2020-04-12,Italy,1,0,0,56,0
2020-04-12,Japan,2,2,0,118,0
2020-04-13,Italy,1,1,0,55,0
2020-04-13,Japan,2,2,0,118,0
2020-04-14,Italy,1,2,0,54,0
2020-04-14,Japan,2,2,0,118,0
2020-04-15,Italy,1,2,0,54,0
2020-04-15,Japan,2,2,0,118,0
2020-04-16,Italy,1,3,0,53,0
2020-04-16,Japan,2,2,0,118,0
2020-04-17,Italy,1,4,1,51,0
2020-04-17,Japan,2,3,0,117,0
2020-04-18,Italy,1,5,1,50,0
2020-04-18,Japan,2,5,1,114,0
2020-04-19,Italy,1,5,1,50,0
2020-04-19,Japan,2,7,1,112,0
2020-04-20,Italy,1,5,1,50,0
2020-04-20,Japan,2,9,1,110,0
2020-04-21,Italy,1,4,2,50,0
2020-04-21,Japan,2,9,2,109,0
2020-04-22,Italy,1,6,1,48,1
2020-04-22,Japan,2,10,2,108,0
2020-04-23,Italy,1,6,1,48,1
2020-04-23,Japan,2,11,1,107,1
2020-04-24,Italy,1,5,3,47,1
2020-04-24,Japan,2,13,1,105,1
2020-04-25,Italy,1,6,3,46,1
2020-04-25,Japan,2,13,1,105,1
2020-04-26,Italy,1,7,2,46,1
2020-04-26,Japan,2,13,1,104,2
2020-04-27,Italy,1,7,4,44,1
2020-04-27,Japan,2,13,2,103,2
2020-04-28,Italy,1,7,4,44,1
2020-04-28,Japan,2,15,2,101,2
2020-04-29,Italy,1,8,4,41,3
2020-04-29,Japan,2,16,2,100,2
2020-04-30,Italy,1,8,5,40,3
2020-04-30,Japan,2,17,6,95,2
2020-05-01,Italy,1,11,5,37,3
2020-05-01,Japan,2,18,8,91,3
2020-05-02,Italy,1,10,4,38,4
2020-05-02,Japan,2,19,9,88,4
2020-05-03,Italy,1,11,4,37,4
2020-05-03,Japan,2,19,11,86,4
2020-05-04,Italy,1,10,3,38,5
2020-05-04,Japan,2,19,14,83,4
2020-05-05,Italy,1,10,2,38,6
2020-05-05,Japan,2,17,15,83,5
2020-05-06,Italy,1,9,3,38,6
2020-05-06,Japan,2,18,14,82,6
2020-05-07,Italy,1,8,3,40,5
2020-05-07,Japan,2,16,15,83,6
2020-05-08,Italy,1,8,4,39,5
2020-05-08,Japan,2,15,14,84,7
2020-05-09,Italy,1,7,4,40,5
2020-05-09,Japan,2,21,11,80,8
2020-05-10,Italy,1,7,4,40,5
2020-05-10,Japan,2,21,10,79,10
2020-05-11,Italy,1,8,3,39,6
2020-05-11,Japan,2,24,10,77,9
2020-05-12,Italy,1,11,3,36,6
2020-05-12,Japan,2,24,11,74,11
2020-05-13,Italy,1,11,2,37,6
2020-05-13,Japan,2,24,13,71,12
2020-05-14,Italy,1,10,2,39,5
2020-05-14,Japan,2,24,17,67,12
2020-05-15,Italy,1,12,2,37,5
2020-05-15,Japan,2,26,14,67,13
2020-05-16,Italy,1,13,3,35,5
2020-05-16,Japan,2,25,16,66,13
2020-05-17,Italy,1,13,3,36,4
2020-05-17,Japan,2,30,13,64,13
2020-05-18,Italy,1,14,3,35,4
2020-05-18,Japan,2,27,13,65,15
2020-05-19,Italy,1,15,4,33,4
2020-05-19,Japan,2,26,12,65,17
2020-05-20,Italy,1,16,5,32,3
2020-05-20,Japan,2,24,15,64,17
2020-05-21,Italy,1,15,6,32,3
2020-05-21,Japan,2,26,14,62,18
2020-05-22,Italy,1,19,5,28,4
2020-05-22,Japan,2,28,14,60,18
2020-05-23,Italy,1,17,7,28,4
2020-05-23,Japan,2,25,15,63,17
2020-05-24,Italy,1,17,7,27,5
2020-05-24,Japan,2,25,14,64,17
2020-05-25,Italy,1,15,8,27,6
2020-05-25,Japan,2,25,12,68,15
2020-05-26,Italy,1,14,7,29,6
2020-05-26,Japan,2,24,12,68,16
2020-05-27,Italy,1,15,7,28,6
2020-05-27,Japan,2,23,14,68,15
2020-05-28,Italy,1,14,6,29,7
2020-05-28,Japan,2,21,12,72,15
2020-05-29,Italy,1,14,4,30,8
2020-05-29,Japan,2,20,14,71,15
2020-05-30,Italy,1,13,4,29,10
2020-05-30,Japan,2,17,17,72,14
2020-05-31,Italy,1,14,3,28,11
2020-05-31,Japan,2,16,15,75,14
2020-06-01,Italy,1,16,3,26,11
2020-06-01,Japan,2,16,13,77,14
2020-06-02,Italy,1,16,3,25,12
2020-06-02,Japan,2,14,13,80,13
2020-06-03,Italy,1,14,6,25,11
2020-06-03,Japan,2,15,9,84,12
2020-06-04,Italy,1,13,5,26,12
2020-06-04,Japan,2,15,4,86,15
2020-06-05,Italy,1,13,5,26,12
2020-06-05,Japan,2,13,5,89,13
2020-06-06,Italy,1,13,6,26,11
2020-06-06,Japan,2,13,5,88,14
2020-06-07,Italy,1,13,5,27,11
2020-06-07,Japan,2,12,4,91,13
2020-06-08,Italy,1,12,3,29,12
2020-06-08,Japan,2,10,6,92,12
2020-06-09,Italy,1,13,2,30,11
2020-06-09,Japan,2,9,7,92,12
2020-06-10,Italy,1,10,5,31,10
2020-06-10,Japan,2,8,7,93,12
2020-06-11,Italy,1,8,6,31,11
2020-06-11,Japan,2,9,6,94,11
2020-06-12,Italy,1,7,7,32,10
2020-06-12,Japan,2,11,5,93,11
2020-06-13,Italy,1,8,6,34,8
2020-06-13,Japan,2,11,3,95,11
2020-06-14,Italy,1,6,8,36,6
2020-06-14,Japan,2,11,3,95,11
2020-06-15,Italy,1,6,5,39,6
2020-06-15,Japan,2,11,1,97,11
2020-06-16,Italy,1,5,4,39,8
2020-06-16,Japan,2,10,2,98,10
2020-06-17,Italy,1,4,4,41,7
2020-06-17,Japan,2,11,3,97,9
2020-06-18,Italy,1,4,4,41,7
2020-06-18,Japan,2,8,6,98,8
2020-06-19,Italy,1,4,2,43,7
2020-06-19,Japan,2,8,5,103,4
2020-06-20,Italy,1,4,2,43,7
2020-06-20,Japan,2,8,6,102,4
2020-06-21,Italy,1,3,2,44,7
2020-06-21,Japan,2,7,6,103,4
2020-06-22,Italy,1,3,1,44,8
2020-06-22,Japan,2,6,6,104,4
2020-06-23,Italy,1,3,1,46,6
2020-06-23,Japan,2,4,5,105,6
2020-06-24,Italy,1,4,1,45,6
2020-06-24,Japan,2,4,5,105,6
2020-06-25,Italy,1,3,2,45,6
2020-06-25,Japan,2,2,6,107,5
2020-06-26,Italy,1,3,1,47,5
2020-06-26,Japan,2,2,5,107,6
2020-06-27,Italy,1,3,1,47,5
2020-06-27,Japan,2,2,4,109,5
2020-06-28,Italy,1,3,1,47,5
2020-06-28,Japan,2,2,2,110,6
2020-06-29,Italy,1,3,1,47,5
2020-06-29,Japan,2,2,2,110,6
2020-06-30,Italy,1,3,0,48,5
2020-06-30,Japan,2,2,0,113,5
2020-07-01,Italy,1,3,0,50,3
2020-07-01,Japan,2,1,1,113,5
2020-07-02,Italy,1,2,1,50,3
2020-07-02,Japan,2,1,1,113,5
2020-07-03,Italy,1,2,1,50,3
2020-07-03,Japan,2,1,1,113,5
2020-07-04,Italy,1,1,2,51,2
2020-07-04,Japan,2,1,1,113,5
2020-07-05,Italy,1,1,2,51,2
2020-07-05,Japan,2,0,2,113,5
2020-07-06,Italy,1,1,2,51,2
2020-07-06,Japan,2,0,1,114,5
2020-07-07,Italy,1,1,1,53,1
2020-07-07,Japan,2,1,1,113,5
2020-07-08,Italy,1,1,1,53,1
2020-07-08,Japan,2,1,1,115,3
2020-07-09,Italy,1,1,0,53,2
2020-07-09,Japan,2,1,1,115,3
2020-07-10,Italy,1,0,1,53,2
2020-07-10,Japan,2,1,0,116,3
2020-07-11,Italy,1,0,1,53,2
2020-07-11,Japan,2,1,0,117,2
2020-07-12,Italy,1,0,1,53,2
2020-07-12,Japan,2,1,0,117,2
2020-07-13,Italy,1,0,1,53,2
2020-07-13,Japan,2,1,0,118,1
2020-07-14,Italy,1,0,1,53,2
2020-07-14,Japan,2,1,0,118,1
2020-07-15,Italy,1,0,0,55,1
2020-07-15,Japan,2,1,0,118,1
2020-07-16,Italy,1,0,0,55,1
2020-07-16,Japan,2,1,0,118,1
2020-07-17,Italy,1,0,0,55,1
2020-07-17,Japan,2,1,0,118,1
2020-07-18,Italy,1,0,0,55,1
2020-07-18,Japan,2,1,0,118,1
2020-07-19,Italy,1,0,0,55,1
2020-07-19,Japan,2,1,0,118,1
2020-07-20,Italy,1,0,0,55,1
2020-07-20,Japan,2,1,0,118,1
2020-07-21,Italy,1,0,0,55,1
2020-07-21,Japan,2,1,0,119,0
2020-07-22,Italy,1,0,0,55,1
2020-07-22,Japan,2,1,0,119,0
2020-07-23,Italy,1,0,0,55,1
2020-07-23,Japan,2,1,0,119,0
2020-07-24,Italy,1,0,0,56,0
2020-07-24,Japan,2,1,0,119,0
2020-07-25,Italy,1,0,0,56,0
2020-07-25,Japan,2,0,1,119,0
2020-07-26,Italy,1,0,0,56,0
2020-07-26,Japan,2,0,1,119,0
2020-07-27,Italy,1,0,0,56,0
2020-07-27,Japan,2,0,1,119,0
2020-07-28,Italy,1,0,0,56,0
2020-07-28,Japan,2,0,1,119,0
2020-07-29,Italy,1,0,0,56,0
2020-07-29,Japan,2,0,1,119,0
2020-07-30,Italy,1,0,0,56,0
2020-07-30,Japan,2,0,0,120,0
2020-07-31,Italy,1,0,0,56,0
2020-07-31,Japan,2,0,0,120,0
2020-08-01,Italy,1,0,0,56,0
2020-08-01,Japan,2,0,0,120,0
2020-08-02,Italy,1,0,0,56,0
2020-08-02,Japan,2,0,0,120,0
2020-08-03,Italy,1,0,0,56,0
2020-08-03,Japan,2,0,0,120,0
2020-08-04,Italy,1,0,0,56,0
2020-08-04,Japan,2,0,0,120,0
2020-08-05,Italy,1,0,0,56,0
2020-08-05,Japan,2,0,0,120,0
2020-08-06,Italy,1,0,0,56,0
2020-08-06,Japan,2,0,0,120,0
2020-08-07,Italy,1,0,0,56,0
2020-08-07,Japan,2,0,0,120,0
2020-08-08,Italy,1,0,0,56,0
2020-08-08,Japan,2,0,0,120,0
2020-08-09,Italy,1,0,0,56,0
2020-08-09,Japan,2,0,0,120,0
2020-08-10,Italy,1,0,0,56,0
2020-08-10,Japan,2,0,0,120,0
2020-08-11,Italy,1,0,0,56,0
2020-08-11,Japan,2,0,0,120,0
2020-08-12,Italy,1,0,0,56,0
2020-08-12,Japan,2,0,0,120,0
2020-08-13,Italy,1,0,0,56,0
2020-08-13,Japan,2,0,0,120,0
2020-08-14,Italy,1,0,0,56,0
2020-08-14,Japan,2,0,0,120,0
2020-08-15,Italy,1,0,0,56,0
2020-08-15,Japan,2,0,0,120,0
2020-08-16,Italy,1,0,0,56,0
2020-08-16,Japan,2,0,0,120,0
2020-08-17,Italy,1,0,0,56,0
2020-08-17,Japan,2,0,0,120,0
2020-08-18,Italy,1,0,0,56,0
2020-08-18,Japan,2,0,0,120,0
2020-08-19,Italy,1,0,0,56,0
2020-08-19,Japan,2,0,0,120,0
2020-08-20,Italy,1,0,0,56,0
2020-08-20,Japan,2,0,0,120,0
2020-08-21,Italy,1,0,0,56,0
2020-08-21,Japan,2,0,0,120,0
2020-08-22,Italy,1,0,0,56,0
2020-08-22,Japan,2,0,0,120,0
2020-08-23,Italy,1,0,0,56,0
2020-08-23,Japan,2,0,0,120,0
2020-08-24,Italy,1,0,0,56,0
2020-08-24,Japan,2,0,0,120,0
2020-08-25,Italy,1,1,0,55,0
2020-08-25,Japan,2,0,0,120,0
2020-08-26,Italy,1,1,0,55,0
2020-08-26,Japan,2,0,0,120,0
2020-08-27,Italy,1,1,0,55,0
2020-08-27,Japan,2,0,0,120,0
2020-08-28,Italy,1,1,0,55,0
2020-08-28,Japan,2,0,0,120,0
2020-08-29,Italy,1,1,0,55,0
2020-08-29,Japan,2,0,0,120,0
2020-08-30,Italy,1,1,0,55,0
2020-08-30,Japan,2,0,0,120,0
2020-08-31,Italy,1,2,0,54,0
2020-08-31,Japan,2,0,0,120,0
2020-09-01,Italy,1,1,1,54,0
2020-09-01,Japan,2,0,0,120,0
2020-09-02,Italy,1,2,1,53,0
2020-09-02,Japan,2,0,0,120,0
2020-09-03,Italy,1,2,1,53,0
2020-09-03,Japan,2,3,0,117,0
2020-09-04,Italy,1,2,1,53,0
2020-09-04,Japan,2,5,0,115,0
2020-09-05,Italy,1,4,1,51,0
2020-09-05,Japan,2,7,0,113,0
2020-09-06,Italy,1,4,0,52,0
2020-09-06,Japan,2,7,1,112,0
2020-09-07,Italy,1,4,1,51,0
2020-09-07,Japan,2,8,2,110,0
2020-09-08,Italy,1,4,1,51,0
2020-09-08,Japan,2,11,2,107,0
2020-09-09,Italy,1,4,1,51,0
2020-09-09,Japan,2,13,3,104,0
2020-09-10,Italy,1,5,1,50,0
2020-09-10,Japan,2,11,6,103,0
2020-09-11,Italy,1,6,1,49,0
2020-09-11,Japan,2,9,7,104,0
2020-09-12,Italy,1,8,0,48,0
2020-09-12,Japan,2,7,8,105,0
2020-09-13,Italy,1,6,2,48,0
2020-09-13,Japan,2,10,8,102,0
2020-09-14,Italy,1,4,4,48,0
2020-09-14,Japan,2,11,8,101,0
2020-09-15,Italy,1,6,4,46,0
2020-09-15,Japan,2,13,7,97,3
2020-09-16,Italy,1,5,5,46,0
2020-09-16,Japan,2,14,5,97,4
2020-09-17,Italy,1,5,6,45,0
2020-09-17,Japan,2,15,4,97,4
2020-09-18,Italy,1,4,6,45,1
2020-09-18,Japan,2,16,4,96,4
2020-09-19,Italy,1,5,4,45,2
2020-09-19,Japan,2,17,5,93,5
2020-09-20,Italy,1,4,5,45,2
2020-09-20,Japan,2,16,5,94,5
2020-09-21,Italy,1,4,4,46,2
2020-09-21,Japan,2,18,7,90,5
2020-09-22,Italy,1,5,3,45,3
2020-09-22,Japan,2,18,9,87,6
2020-09-23,Italy,1,5,1,46,4
2020-09-23,Japan,2,22,11,81,6
2020-09-24,Italy,1,7,1,44,4
2020-09-24,Japan,2,23,10,79,8
2020-09-25,Italy,1,5,2,44,5
2020-09-25,Japan,2,22,11,79,8
2020-09-26,Italy,1,6,2,43,5
2020-09-26,Japan,2,24,11,76,9
2020-09-27,Italy,1,6,3,42,5
2020-09-27,Japan,2,26,8,76,10
2020-09-28,Italy,1,4,5,42,5
2020-09-28,Japan,2,27,8,74,11
2020-09-29,Italy,1,4,5,42,5
2020-09-29,Japan,2,27,10,72,11
2020-09-30,Italy,1,4,3,44,5
2020-09-30,Japan,2,29,8,73,10
2020-10-01,Italy,1,4,3,44,5
2020-10-01,Japan,2,27,11,72,10
2020-10-02,Italy,1,4,3,44,5
2020-10-02,Japan,2,29,14,67,10
2020-10-03,Italy,1,4,2,46,4
2020-10-03,Japan,2,30,13,65,12
2020-10-04,Italy,1,3,3,47,3
2020-10-04,Japan,2,31,12,65,12
2020-10-05,Italy,1,4,3,46,3
2020-10-05,Japan,2,27,15,66,12
2020-10-06,Italy,1,5,3,45,3
2020-10-06,Japan,2,26,14,66,14
2020-10-07,Italy,1,7,2,45,2
2020-10-07,Japan,2,26,12,69,13
2020-10-08,Italy,1,9,1,44,2
2020-10-08,Japan,2,24,13,69,14
2020-10-09,Italy,1,9,1,44,2
2020-10-09,Japan,2,18,19,70,13
2020-10-10,Italy,1,9,1,45,1
2020-10-10,Japan,2,18,17,70,15
2020-10-11,Italy,1,9,2,44,1
2020-10-11,Japan,2,17,15,73,15
2020-10-12,Italy,1,10,4,41,1
2020-10-12,Japan,2,18,15,72,15
2020-10-13,Italy,1,12,4,39,1
2020-10-13,Japan,2,17,15,73,15
2020-10-14,Italy,1,14,4,36,2
2020-10-14,Japan,2,19,7,74,20
2020-10-15,Italy,1,13,5,36,2
2020-10-15,Japan,2,18,7,75,20
2020-10-16,Italy,1,12,7,34,3
2020-10-16,Japan,2,19,5,76,20
2020-10-17,Italy,1,10,7,36,3
2020-10-17,Japan,2,20,4,76,20
2020-10-18,Italy,1,11,8,34,3
2020-10-18,Japan,2,24,3,73,20
2020-10-19,Italy,1,11,7,35,3
2020-10-19,Japan,2,20,7,74,19
2020-10-20,Italy,1,10,8,35,3
2020-10-20,Japan,2,19,7,75,19
2020-10-21,Italy,1,9,6,36,5
2020-10-21,Japan,2,19,8,76,17
2020-10-22,Italy,1,10,5,36,5
2020-10-22,Japan,2,20,8,75,17
2020-10-23,Italy,1,9,5,38,4
2020-10-23,Japan,2,19,8,76,17
2020-10-24,Italy,1,9,5,38,4
2020-10-24,Japan,2,17,8,75,20
2020-10-25,Italy,1,11,3,37,5
2020-10-25,Japan,2,16,7,78,19
2020-10-26,Italy,1,11,2,38,5
2020-10-26,Japan,2,17,7,77,19
2020-10-27,Italy,1,8,4,39,5
2020-10-27,Japan,2,17,8,77,18
2020-10-28,Italy,1,6,5,40,5
2020-10-28,Japan,2,16,8,79,17
2020-10-29,Italy,1,6,6,40,4
2020-10-29,Japan,3,17,6,81,15
2020-10-30,Italy,1,5,9,38,4
2020-10-30,Japan,3,15,7,83,14
2020-10-31,Italy,1,4,10,39,3
2020-10-31,Japan,3,13,8,85,13
2020-11-01,Italy,1,4,7,42,3
2020-11-01,Japan,3,10,10,85,14
2020-11-02,Italy,1,5,5,42,4
2020-11-02,Japan,3,10,9,87,13
2020-11-03,Italy,1,4,5,43,4
2020-11-03,Japan,3,9,8,88,14
2020-11-04,Italy,1,4,2,45,5
2020-11-04,Japan,3,9,7,88,15
2020-11-05,Italy,1,6,1,46,3
2020-11-05,Japan,3,9,5,89,16
2020-11-06,Italy,1,6,1,46,3
2020-11-06,Japan,3,10,3,90,16
2020-11-07,Italy,1,6,1,46,3
2020-11-07,Japan,3,9,4,91,15
2020-11-08,Italy,1,6,0,47,3
2020-11-08,Japan,3,9,4,95,11
2020-11-09,Italy,1,6,0,48,2
2020-11-09,Japan,3,10,3,95,11
2020-11-10,Italy,1,6,0,48,2
2020-11-10,Japan,3,8,5,96,10
2020-11-11,Italy,1,6,0,48,2
2020-11-11,Japan,3,8,5,96,10
2020-11-12,Italy,1,6,0,48,2
2020-11-12,Japan,3,7,5,96,11
2020-11-13,Italy,1,7,1,46,2
2020-11-13,Japan,3,7,4,100,8
2020-11-14,Italy,1,6,2,46,2
2020-11-14,Japan,3,6,5,101,7
2020-11-15,Italy,1,5,3,46,2
2020-11-15,Japan,3,4,5,102,8
2020-11-16,Italy,1,5,3,46,2
2020-11-16,Japan,3,4,4,103,8
2020-11-17,Italy,1,5,3,47,1
2020-11-17,Japan,3,4,3,104,8
2020-11-18,Italy,1,4,3,48,1
2020-11-18,Japan,3,3,4,105,7
2020-11-19,Italy,1,4,2,49,1
2020-11-19,Japan,3,4,3,106,6
2020-11-20,Italy,1,3,2,50,1
2020-11-20,Japan,3,4,1,109,5
2020-11-21,Italy,1,3,2,50,1
2020-11-21,Japan,3,4,1,109,5
2020-11-22,Italy,1,4,2,49,1
2020-11-22,Japan,3,3,2,109,5
2020-11-23,Italy,1,4,1,50,1
2020-11-23,Japan,3,3,1,109,6
2020-11-24,Italy,1,3,2,50,1
2020-11-24,Japan,3,3,1,110,5
2020-11-25,Italy,1,3,1,50,2
2020-11-25,Japan,3,3,1,110,5
2020-11-26,Italy,1,3,1,50,2
2020-11-26,Japan,3,3,1,110,5
2020-11-27,Italy,1,3,1,50,2
2020-11-27,Japan,3,2,1,112,4
2020-11-28,Italy,1,2,2,50,2
2020-11-28,Japan,3,3,1,111,4
2020-11-29,Italy,1,1,2,51,2
2020-11-29,Japan,3,3,1,111,4
2020-11-30,Italy,1,1,2,51,2
2020-11-30,Japan,3,2,2,112,3
2020-12-01,Italy,1,1,2,51,2
2020-12-01,Japan,3,2,2,113,2
2020-12-02,Italy,1,1,2,51,2
2020-12-02,Japan,3,2,1,114,2
2020-12-03,Italy,1,1,1,51,3
2020-12-03,Japan,3,2,1,114,2
2020-12-04,Italy,1,1,0,52,3
2020-12-04,Japan,3,1,2,114,2
2020-12-05,Italy,1,0,1,52,3
2020-12-05,Japan,3,1,1,114,3
2020-12-06,Italy,1,0,1,52,3
2020-12-06,Japan,3,1,1,114,3
2020-12-07,Italy,1,0,1,52,3
2020-12-07,Japan,3,1,1,114,3
2020-12-08,Italy,1,0,1,52,3
2020-12-08,Japan,3,1,1,115,2
2020-12-09,Italy,1,0,1,52,3
2020-12-09,Japan,3,1,0,115,3
2020-12-10,Italy,1,0,0,53,3
2020-12-10,Japan,3,1,0,115,3
2020-12-11,Italy,1,0,0,53,3
2020-12-11,Japan,3,1,0,115,3
2020-12-12,Italy,1,0,0,53,3
2020-12-12,Japan,3,1,0,115,3
2020-12-13,Italy,1,0,0,53,3
2020-12-13,Japan,3,1,0,115,3
2020-12-14,Italy,1,0,0,53,3
2020-12-14,Japan,3,1,0,115,3
2020-12-15,Italy,1,0,0,53,3
2020-12-15,Japan,3,1,0,115,3
2020-12-16,Italy,1,0,0,53,3
2020-12-16,Japan,3,1,0,115,3
2020-12-17,Italy,1,0,0,53,3
2020-12-17,Japan,3,1,0,116,2
2020-12-18,Italy,1,0,0,54,2
2020-12-18,Japan,3,0,1,116,2
2020-12-19,Italy,1,0,0,55,1
2020-12-19,Japan,3,0,1,116,2
2020-12-20,Italy,1,0,0,55,1
2020-12-20,Japan,3,0,1,117,1
2020-12-21,Italy,1,0,0,55,1
2020-12-21,Japan,3,0,1,117,1
2020-12-22,Italy,1,0,0,55,1
2020-12-22,Japan,3,0,1,117,1
2020-12-23,Italy,1,0,0,55,1
2020-12-23,Japan,3,0,0,117,2
2020-12-24,Italy,1,0,0,55,1
2020-12-24,Japan,3,0,0,118,1
2020-12-25,Italy,1,0,0,56,0
2020-12-25,Japan,3,0,0,118,1
2020-12-26,Italy,1,0,0,56,0
2020-12-26,Japan,3,0,0,118,1
2020-12-27,Italy,1,0,0,56,0
2020-12-27,Japan,3,0,0,118,1
2020-12-28,Italy,1,0,0,56,0
2020-12-28,Japan,3,0,0,118,1
2020-12-29,Italy,1,0,0,56,0
2020-12-29,Japan,3,0,0,118,1
2020-12-30,Italy,1,0,0,56,0
2020-12-30,Japan,3,0,0,118,1
2020-12-31,Italy,1,0,0,56,0
2020-12-31,Japan,3,0,0,118,1
2021-01-01,Italy,1,0,0,56,0
2021-01-01,Japan,3,0,0,118,1
2021-01-02,Italy,1,0,0,56,0
2021-01-02,Japan,3,0,0,118,1
2021-01-03,Italy,1,0,0,56,0
2021-01-03,Japan,3,0,0,118,1
2021-01-04,Italy,1,0,0,56,0
2021-01-04,Japan,3,0,0,118,1
2021-01-05,Italy,1,1,0,55,0
2021-01-05,Japan,3,0,0,118,1
2021-01-06,Italy,1,1,0,55,0
2021-01-06,Japan,3,0,0,118,1
2021-01-07,Italy,1,1,0,55,0
2021-01-07,Japan,3,0,0,119,0
2021-01-08,Italy,1,1,0,55,0
2021-01-08,Japan,3,0,0,119,0
2021-01-09,Italy,1,1,0,55,0
2021-01-09,Japan,3,0,0,119,0
2021-01-10,Italy,1,1,0,55,0
2021-01-10,Japan,3,1,0,118,0
2021-01-11,Italy,1,2,0,54,0
2021-01-11,Japan,3,2,0,117,0
2021-01-12,Italy,1,2,0,54,0
2021-01-12,Japan,3,1,1,117,0
2021-01-13,Italy,1,2,0,54,0
2021-01-13,Japan,3,2,1,116,0
2021-01-14,Italy,1,2,0,54,0
2021-01-14,Japan,3,2,1,116,0
2021-01-15,Italy,1,2,0,54,0
2021-01-15,Japan,3,3,1,115,0
2021-01-16,Italy,1,2,0,54,0
2021-01-16,Japan,3,4,2,113,0
2021-01-17,Italy,1,3,0,53,0
2021-01-17,Japan,3,4,1,113,1
2021-01-18,Italy,1,4,0,52,0
2021-01-18,Japan,3,4,1,113,1
2021-01-19,Italy,1,4,0,52,0
2021-01-19,Japan,3,6,1,111,1
2021-01-20,Italy,1,4,1,51,0
2021-01-20,Japan,3,6,1,111,1
2021-01-21,Italy,1,3,2,51,0
2021-01-21,Japan,3,6,0,112,1
2021-01-22,Italy,1,3,3,50,0
2021-01-22,Japan,3,6,0,112,1
2021-01-23,Italy,1,2,4,50,0
2021-01-23,Japan,3,4,2,112,1
2021-01-24,Italy,1,2,4,50,0
2021-01-24,Japan,3,5,3,110,1
2021-01-25,Italy,1,2,3,51,0
2021-01-25,Japan,3,5,4,109,1
2021-01-26,Italy,1,2,2,51,1
2021-01-26,Japan,3,7,4,107,1
2021-01-27,Italy,1,2,1,51,2
2021-01-27,Japan,3,7,5,106,1
2021-01-28,Italy,1,2,0,51,3
2021-01-28,Japan,3,6,5,105,3
2021-01-29,Italy,1,4,0,49,3
2021-01-29,Japan,3,10,4,101,4
2021-01-30,Italy,1,3,1,49,3
2021-01-30,Japan,3,12,3,100,4
2021-01-31,Italy,1,4,1,48,3
2021-01-31,Japan,3,10,5,100,4
2021-02-01,Italy,1,7,1,45,3
2021-02-01,Japan,3,10,4,102,3
2021-02-02,Italy,1,7,2,44,3
2021-02-02,Japan,3,13,2,99,5
2021-02-03,Italy,1,5,4,44,3
2021-02-03,Japan,3,13,3,98,5
2021-02-04,Italy,1,5,3,44,4
2021-02-04,Japan,3,15,4,95,5
2021-02-05,Italy,1,6,4,42,4
2021-02-05,Japan,3,19,2,92,6
2021-02-06,Italy,1,6,5,41,4
2021-02-06,Japan,3,18,3,92,6
2021-02-07,Italy,1,7,4,40,5
2021-02-07,Japan,3,20,4,89,6
2021-02-08,Italy,1,8,2,39,7
2021-02-08,Japan,3,18,7,87,7
2021-02-09,Italy,1,6,4,39,7
2021-02-09,Japan,3,20,8,83,8
2021-02-10,Italy,1,6,3,40,7
2021-02-10,Japan,3,18,11,82,8
2021-02-11,Italy,1,6,2,42,6
2021-02-11,Japan,3,19,11,80,9
2021-02-12,Italy,1,5,3,43,5
2021-02-12,Japan,3,21,11,80,7
2021-02-13,Italy,1,5,3,43,5
2021-02-13,Japan,3,21,9,80,9
2021-02-14,Italy,1,5,1,44,6
2021-02-14,Japan,3,20,10,78,11
2021-02-15,Italy,1,7,1,42,6
2021-02-15,Japan,3,18,10,78,13
2021-02-16,Italy,1,6,2,42,6
2021-02-16,Japan,3,15,14,76,14
2021-02-17,Italy,1,6,2,42,6
2021-02-17,Japan,3,14,15,78,12
2021-02-18,Italy,1,6,3,41,6
2021-02-18,Japan,3,15,14,76,14
2021-02-19,Italy,1,6,4,41,5
2021-02-19,Japan,3,16,12,75,16
2021-02-20,Italy,1,8,4,39,5
2021-02-20,Japan,3,15,10,78,16
2021-02-21,Italy,1,10,3,38,5
2021-02-21,Japan,3,14,7,81,17
2021-02-22,Italy,1,10,2,40,4
2021-02-22,Japan,3,12,8,81,18
2021-02-23,Italy,1,10,2,42,2
2021-02-23,Japan,3,15,7,79,18
2021-02-24,Italy,1,9,3,41,3
2021-02-24,Japan,3,14,8,79,18
2021-02-25,Italy,1,10,3,41,2
2021-02-25,Japan,3,14,8,79,18
2021-02-26,Italy,1,10,4,40,2
2021-02-26,Japan,3,14,8,78,19
2021-02-27,Italy,1,9,6,39,2
2021-02-27,Japan,3,18,6,75,20
2021-02-28,Italy,1,7,7,39,3
2021-02-28,Japan,3,18,8,76,17
2021-03-01,Italy,1,8,5,40,3
2021-03-01,Japan,3,20,6,77,16
2021-03-02,Italy,1,10,6,37,3
2021-03-02,Japan,4,18,7,78,15
2021-03-03,Italy,1,9,7,37,3
2021-03-03,Japan,4,20,5,77,16
2021-03-04,Italy,1,9,6,38,3
2021-03-04,Japan,4,20,5,77,16
2021-03-05,Italy,1,11,4,37,4
2021-03-05,Japan,4,18,6,79,15
2021-03-06,Italy,1,13,5,34,4
2021-03-06,Japan,4,15,10,80,13
2021-03-07,Italy,1,12,5,34,5
2021-03-07,Japan,4,16,10,80,12
2021-03-08,Italy,1,12,3,34,7
2021-03-08,Japan,4,17,10,80,11
2021-03-09,Italy,1,12,3,33,8
2021-03-09,Japan,4,21,10,76,11
2021-03-10,Italy,1,12,4,32,8
2021-03-10,Japan,4,20,9,77,12
2021-03-11,Italy,1,10,5,33,8
2021-03-11,Japan,4,19,7,79,13
2021-03-12,Italy,1,10,4,33,9
2021-03-12,Japan,4,16,9,79,14
2021-03-13,Italy,1,9,5,33,9
2021-03-13,Japan,4,15,10,81,12
2021-03-14,Italy,1,6,7,34,9
2021-03-14,Japan,4,19,9,78,12
2021-03-15,Italy,1,6,6,35,9
2021-03-15,Japan,4,18,9,78,13
2021-03-16,Italy,1,4,6,38,8
2021-03-16,Japan,4,17,9,79,13
2021-03-17,Italy,1,2,8,38,8
2021-03-17,Japan,4,16,7,83,12
2021-03-18,Italy,1,2,8,37,9
2021-03-18,Japan,4,15,8,84,11
2021-03-19,Italy,1,3,5,37,11
2021-03-19,Japan,4,15,9,83,11
2021-03-20,Italy,1,4,5,37,10
2021-03-20,Japan,4,14,10,84,10
2021-03-21,Italy,1,5,3,38,10
2021-03-21,Japan,4,17,8,83,10
2021-03-22,Italy,1,4,2,41,9
2021-03-22,Japan,4,14,9,84,11
2021-03-23,Italy,1,1,4,44,7
2021-03-23,Japan,4,14,7,86,11
2021-03-24,Italy,1,2,4,44,6
2021-03-24,Japan,4,14,6,87,11
2021-03-25,Italy,1,2,4,44,6
2021-03-25,Japan,4,15,3,89,11
2021-03-26,Italy,1,1,5,45,5
2021-03-26,Japan,4,13,5,91,9
2021-03-27,Italy,1,0,5,47,4
2021-03-27,Japan,4,13,2,94,9
2021-03-28,Italy,1,0,2,50,4
2021-03-28,Japan,4,15,2,92,9
2021-03-29,Italy,1,0,2,50,4
2021-03-29,Japan,4,15,2,93,8
2021-03-30,Italy,1,1,2,50,3
2021-03-30,Japan,4,15,2,94,7
2021-03-31,Italy,1,1,1,50,4
2021-03-31,Japan,4,14,2,95,7
2021-04-01,Italy,1,0,1,51,4
2021-04-01,Japan,4,14,3,94,7
2021-04-02,Italy,1,0,1,52,3
2021-04-02,Japan,4,13,5,94,6
2021-04-03,Italy,1,0,1,54,1
2021-04-03,Japan,4,12,6,94,6
2021-04-04,Italy,1,1,1,53,1
2021-04-04,Japan,4,11,7,94,6
2021-04-05,Italy,1,0,2,53,1
2021-04-05,Japan,4,11,5,95,7
2021-04-06,Italy,1,0,1,53,2
2021-04-06,Japan,4,10,5,96,7
2021-04-07,Italy,1,0,1,53,2
2021-04-07,Japan,4,9,4,98,7
2021-04-08,Italy,1,0,1,53,2
2021-04-08,Japan,4,7,6,99,6
2021-04-09,Italy,1,0,1,53,2
2021-04-09,Japan,4,6,6,102,4
2021-04-10,Italy,1,1,0,53,2
2021-04-10,Japan,4,6,6,102,4
2021-04-11,Italy,1,1,0,53,2
2021-04-11,Japan,4,6,5,104,3
2021-04-12,Italy,1,1,0,53,2
2021-04-12,Japan,4,5,5,104,4
2021-04-13,Italy,1,1,0,53,2
2021-04-13,Japan,4,5,2,106,5
2021-04-14,Italy,1,1,0,53,2
2021-04-14,Japan,4,5,1,107,5
2021-04-15,Italy,1,1,0,54,1
2021-04-15,Japan,4,5,1,108,4
2021-04-16,Italy,1,1,0,54,1
2021-04-16,Japan,4,3,3,108,4
2021-04-17,Italy,1,1,0,54,1
2021-04-17,Japan,4,4,2,108,4
2021-04-18,Italy,1,2,0,53,1
2021-04-18,Japan,4,4,2,108,4
2021-04-19,Italy,1,3,0,52,1
2021-04-19,Japan,4,4,2,108,4
2021-04-20,Italy,1,3,0,52,1
2021-04-20,Japan,4,4,3,108,3
2021-04-21,Italy,1,3,0,53,0
2021-04-21,Japan,4,1,4,109,4
2021-04-22,Italy,1,3,0,53,0
2021-04-22,Japan,4,1,4,109,4
2021-04-23,Italy,1,3,0,53,0
2021-04-23,Japan,4,1,4,109,4
2021-04-24,Italy,1,3,0,53,0
2021-04-24,Japan,4,2,4,108,4
2021-04-25,Italy,1,4,0,52,0
2021-04-25,Japan,4,2,3,109,4
2021-04-26,Italy,1,3,1,52,0
2021-04-26,Japan,4,2,0,110,6
2021-04-27,Italy,1,2,2,52,0
2021-04-27,Japan,4,2,0,111,5
2021-04-28,Italy,1,1,3,52,0
2021-04-28,Japan,4,2,0,112,4
2021-04-29,Italy,1,0,4,52,0
2021-04-29,Japan,4,1,1,112,4
2021-04-30,Italy,1,0,4,52,0
2021-04-30,Japan,4,1,1,112,4
2021-05-01,Italy,1,0,3,53,0
2021-05-01,Japan,4,1,1,112,4
2021-05-02,Italy,1,0,2,54,0
2021-05-02,Japan,4,1,1,112,4
2021-05-03,Italy,1,0,1,55,0
2021-05-03,Japan,4,1,1,112,4
2021-05-04,Italy,1,0,0,56,0
2021-05-04,Japan,4,1,0,113,4
2021-05-05,Italy,1,0,0,56,0
2021-05-05,Japan,4,1,0,113,4
2021-05-06,Italy,1,0,0,56,0
2021-05-06,Japan,4,0,1,115,2
2021-05-07,Italy,1,0,0,56,0
2021-05-07,Japan,4,0,1,115,2
2021-05-08,Italy,1,0,0,56,0
2021-05-08,Japan,4,1,1,114,2
2021-05-09,Italy,1,0,0,56,0
2021-05-09,Japan,4,0,2,114,2
2021-05-10,Italy,1,0,0,56,0
2021-05-10,Japan,4,0,2,114,2
2021-05-11,Italy,1,0,0,56,0
2021-05-11,Japan,4,0,1,117,0
2021-05-12,Italy,1,0,0,56,0
2021-05-12,Japan,4,0,1,117,0
2021-05-13,Italy,1,0,0,56,0
2021-05-13,Japan,4,0,1,117,0
2021-05-14,Italy,1,0,0,56,0
2021-05-14,Japan,4,0,0,117,1
2021-05-15,Italy,1,0,0,56,0
2021-05-15,Japan,4,0,0,117,1
2021-05-16,Italy,1,0,0,56,0
2021-05-16,Japan,4,0,0,117,1
2021-05-17,Italy,1,0,0,56,0
2021-05-17,Japan,4,0,0,117,1
2021-05-18,Italy,1,0,0,56,0
2021-05-18,Japan,4,0,0,117,1
2021-05-19,Italy,1,0,0,56,0
2021-05-19,Japan,4,0,0,117,1
2021-05-20,Italy,1,0,0,56,0
2021-05-20,Japan,4,0,0,117,1
2021-05-21,Italy,1,0,0,56,0
2021-05-21,Japan,4,0,0,117,1
2021-05-22,Italy,1,0,0,56,0
2021-05-22,Japan,4,1,0,116,1
2021-05-23,Italy,1,0,0,56,0
2021-05-23,Japan,4,1,0,116,1
2021-05-24,Italy,1,0,0,56,0
2021-05-24,Japan,4,1,0,116,1
2021-05-25,Italy,1,0,0,56,0
2021-05-25,Japan,4,0,1,116,1
2021-05-26,Italy,1,1,0,55,0
2021-05-26,Japan,4,0,1,116,1
2021-05-27,Italy,1,1,0,55,0
2021-05-27,Japan,4,0,1,116,1
2021-05-28,Italy,1,1,0,55,0
2021-05-28,Japan,4,0,1,116,1
2021-05-29,Italy,1,1,0,55,0
2021-05-29,Japan,4,0,1,117,0
2021-05-30,Italy,1,1,0,55,0
2021-05-30,Japan,4,0,0,118,0
2021-05-31,Italy,1,1,0,55,0
2021-05-31,Japan,4,1,0,117,0
2021-06-01,Italy,1,0,1,55,0
2021-06-01,Japan,4,1,0,117,0
2021-06-02,Italy,1,0,1,55,0
2021-06-02,Japan,4,3,0,115,0
2021-06-03,Italy,1,0,1,55,0
2021-06-03,Japan,4,3,0,115,0
2021-06-04,Italy,1,0,1,55,0
2021-06-04,Japan,4,3,0,115,0
2021-06-05,Italy,1,0,1,55,0
2021-06-05,Japan,4,3,0,115,0
2021-06-06,Italy,1,0,0,55,1
2021-06-06,Japan,4,4,0,114,0
2021-06-07,Italy,1,0,0,55,1
2021-06-07,Japan,4,4,0,114,0
2021-06-08,Italy,1,0,0,55,1
2021-06-08,Japan,4,4,0,114,0
2021-06-09,Italy,1,0,0,55,1
2021-06-09,Japan,4,4,0,114,0
2021-06-10,Italy,1,0,0,55,1
2021-06-10,Japan,4,4,0,114,0
2021-06-11,Italy,1,1,0,54,1
2021-06-11,Japan,4,4,0,114,0
2021-06-12,Italy,1,3,0,52,1
2021-06-12,Japan,4,3,1,114,0
2021-06-13,Italy,1,4,0,51,1
2021-06-13,Japan,4,6,1,111,0
2021-06-14,Italy,1,4,0,51,1
2021-06-14,Japan,4,8,1,109,0
2021-06-15,Italy,1,5,0,50,1
2021-06-15,Japan,4,7,2,109,0
2021-06-16,Italy,1,4,1,50,1
2021-06-16,Japan,4,8,2,108,0
2021-06-17,Italy,1,4,1,50,1
2021-06-17,Japan,4,8,1,108,1
2021-06-18,Italy,1,5,1,49,1
2021-06-18,Japan,4,10,2,105,1
2021-06-19,Italy,1,4,2,49,1
2021-06-19,Japan,4,10,2,105,1
2021-06-20,Italy,1,5,2,48,1
2021-06-20,Japan,4,11,1,105,1
2021-06-21,Italy,1,5,1,50,0
2021-06-21,Japan,4,11,4,102,1
2021-06-22,Italy,1,5,2,49,0
2021-06-22,Japan,4,15,4,98,1
2021-06-23,Italy,1,7,2,47,0
2021-06-23,Japan,4,14,5,98,1
2021-06-24,Italy,1,9,2,45,0
2021-06-24,Japan,4,13,7,97,1
2021-06-25,Italy,1,8,3,45,0
2021-06-25,Japan,4,13,8,96,1
2021-06-26,Italy,1,9,3,44,0
2021-06-26,Japan,4,14,5,97,2
2021-06-27,Italy,1,9,2,44,1
2021-06-27,Japan,4,14,6,96,2
2021-06-28,Italy,1,9,2,44,1
2021-06-28,Japan,4,15,5,95,3
2021-06-29,Italy,1,9,1,45,1
2021-06-29,Japan,4,16,5,94,3
2021-06-30,Italy,1,10,1,43,2
2021-06-30,Japan,4,18,5,92,3
2021-07-01,Italy,1,9,2,43,2
2021-07-01,Japan,4,18,6,91,3
2021-07-02,Italy,1,10,2,42,2
2021-07-02,Japan,4,18,6,92,2
2021-07-03,Italy,1,12,2,40,2
2021-07-03,Japan,4,16,8,92,2
2021-07-04,Italy,1,13,2,39,2
2021-07-04,Japan,4,19,6,90,3
2021-07-05,Italy,1,13,1,39,3
2021-07-05,Japan,4,16,10,89,3
2021-07-06,Italy,1,12,1,39,4
2021-07-06,Japan,4,17,11,87,3
2021-07-07,Italy,1,11,2,39,4
2021-07-07,Japan,4,17,11,86,4
2021-07-08,Italy,1,10,3,39,4
2021-07-08,Japan,4,17,9,87,5
2021-07-09,Italy,1,9,4,39,4
2021-07-09,Japan,4,18,10,85,5
2021-07-10,Italy,1,10,4,38,4
2021-07-10,Japan,4,19,7,86,6
2021-07-11,Italy,1,8,5,39,4
2021-07-11,Japan,4,19,6,88,5
2021-07-12,Italy,1,8,4,41,3
2021-07-12,Japan,4,17,9,86,6
2021-07-13,Italy,1,9,3,40,4
2021-07-13,Japan,4,16,10,86,6
2021-07-14,Italy,1,9,3,40,4
2021-07-14,Japan,4,16,10,86,6
2021-07-15,Italy,1,12,3,38,3
2021-07-15,Japan,4,18,8,84,8
2021-07-16,Italy,1,12,1,40,3
2021-07-16,Japan,4,23,7,80,8
2021-07-17,Italy,1,10,3,40,3
2021-07-17,Japan,4,22,6,80,10
2021-07-18,Italy,1,11,3,39,3
2021-07-18,Japan,4,19,7,82,10
2021-07-19,Italy,1,12,2,39,3
2021-07-19,Japan,4,20,8,81,9
2021-07-20,Italy,1,13,3,38,2
2021-07-20,Japan,4,20,10,79,9
2021-07-21,Italy,1,16,3,36,1
2021-07-21,Japan,4,19,12,78,9
2021-07-22,Italy,1,17,3,34,2
2021-07-22,Japan,4,18,12,79,9
2021-07-23,Italy,1,18,3,33,2
2021-07-23,Japan,4,18,10,80,10
2021-07-24,Italy,1,18,3,33,2
2021-07-24,Japan,4,21,8,77,12
2021-07-25,Italy,1,14,7,32,3
2021-07-25,Japan,4,20,9,78,11
2021-07-26,Italy,1,14,9,30,3
2021-07-26,Japan,4,21,9,75,13
2021-07-27,Italy,1,16,8,28,4
2021-07-27,Japan,4,18,9,78,13
2021-07-28,Italy,1,13,11,29,3
2021-07-28,Japan,4,18,9,78,13
2021-07-29,Italy,1,13,12,28,3
2021-07-29,Japan,4,18,10,77,13
2021-07-30,Italy,1,13,7,32,4
2021-07-30,Japan,4,19,8,78,13
2021-07-31,Italy,1,12,7,32,5
2021-07-31,Japan,4,17,8,79,14
2021-08-01,Italy,1,12,7,32,5
2021-08-01,Japan,4,16,7,83,12
2021-08-02,Italy,1,14,4,32,6
2021-08-02,Japan,4,14,8,83,13
2021-08-03,Italy,1,12,5,33,6
2021-08-03,Japan,4,10,11,83,14
2021-08-04,Italy,1,10,7,33,6
2021-08-04,Japan,4,9,12,82,15
2021-08-05,Italy,1,8,7,34,7
2021-08-05,Japan,4,10,10,81,17
2021-08-06,Italy,1,7,7,35,7
2021-08-06,Japan,4,9,11,81,17
2021-08-07,Italy,1,5,9,35,7
2021-08-07,Japan,4,11,9,82,16
2021-08-08,Italy,1,5,7,36,8
2021-08-08,Japan,4,14,5,82,17
2021-08-09,Italy,1,6,5,37,8
2021-08-09,Japan,4,13,4,84,17
2021-08-10,Italy,1,6,3,38,9
2021-08-10,Japan,4,15,4,84,15
2021-08-11,Italy,1,6,2,39,9
2021-08-11,Japan,4,12,4,86,16
2021-08-12,Italy,1,4,2,40,10
2021-08-12,Japan,4,12,6,85,15
2021-08-13,Italy,1,3,3,40,10
2021-08-13,Japan,4,13,6,84,15
2021-08-14,Italy,1,4,3,40,9
2021-08-14,Japan,4,13,6,86,13
2021-08-15,Italy,1,4,3,41,8
2021-08-15,Japan,4,12,7,87,12
2021-08-16,Italy,1,3,4,41,8
2021-08-16,Japan,4,13,4,87,14
2021-08-17,Italy,1,2,3,42,9
2021-08-17,Japan,4,13,2,89,14
2021-08-18,Italy,1,2,2,43,9
2021-08-18,Japan,4,12,3,90,13
2021-08-19,Italy,1,1,3,43,9
2021-08-19,Japan,4,12,3,91,12
2021-08-20,Italy,1,2,3,43,8
2021-08-20,Japan,4,13,2,92,11
2021-08-21,Italy,1,2,2,45,7
2021-08-21,Japan,4,12,3,93,10
2021-08-22,Italy,1,2,1,45,8
2021-08-22,Japan,4,8,7,94,9
2021-08-23,Italy,1,2,1,46,7
2021-08-23,Japan,4,8,6,97,7
2021-08-24,Italy,1,2,0,48,6
2021-08-24,Japan,4,8,6,97,7
2021-08-25,Italy,1,2,0,49,5
2021-08-25,Japan,4,9,6,96,7
2021-08-26,Italy,1,2,0,50,4
2021-08-26,Japan,4,10,5,98,5
2021-08-27,Italy,1,2,0,51,3
2021-08-27,Japan,4,11,1,101,5
2021-08-28,Italy,1,1,1,51,3
2021-08-28,Japan,4,8,4,101,5
2021-08-29,Italy,1,1,1,51,3
2021-08-29,Japan,4,6,5,102,5
2021-08-30,Italy,1,2,1,50,3
2021-08-30,Japan,4,6,5,102,5
2021-08-31,Italy,1,3,1,49,3
2021-08-31,Japan,4,5,6,104,3
2021-09-01,Italy,1,4,1,50,1
2021-09-01,Japan,4,4,7,105,2
2021-09-02,Italy,1,5,0,49,2
2021-09-02,Japan,4,5,4,106,3
2021-09-03,Italy,1,5,0,49,2
2021-09-03,Japan,4,5,2,106,5
2021-09-04,Italy,1,5,0,49,2
2021-09-04,Japan,4,6,3,105,4
2021-09-05,Italy,1,5,0,49,2
2021-09-05,Japan,4,6,2,105,5
2021-09-06,Italy,1,5,0,50,1
2021-09-06,Japan,4,6,1,106,5
2021-09-07,Italy,1,5,0,50,1
2021-09-07,Japan,4,5,2,107,4
2021-09-08,Italy,1,4,1,50,1
2021-09-08,Japan,4,5,2,107,4
2021-09-09,Italy,1,4,1,50,1
2021-09-09,Japan,4,7,2,104,5
2021-09-10,Italy,1,4,1,50,1
2021-09-10,Japan,4,5,4,104,5
2021-09-11,Italy,1,4,1,50,1
2021-09-11,Japan,4,5,4,104,5
2021-09-12,Italy,1,4,1,50,1
2021-09-12,Japan,4,5,3,105,5
2021-09-13,Italy,1,4,0,51,1
2021-09-13,Japan,4,4,4,105,5
2021-09-14,Italy,1,3,1,51,1
2021-09-14,Japan,4,4,3,105,6
2021-09-15,Italy,1,2,2,51,1
2021-09-15,Japan,4,4,1,106,7
2021-09-16,Italy,1,2,2,51,1
2021-09-16,Japan,4,2,3,106,7
2021-09-17,Italy,1,2,2,52,0
2021-09-17,Japan,4,2,3,107,6
2021-09-18,Italy,1,1,3,52,0
2021-09-18,Japan,4,1,3,110,4
2021-09-19,Italy,1,1,2,52,1
2021-09-19,Japan,4,1,3,110,4
2021-09-20,Italy,1,1,1,53,1
2021-09-20,Japan,4,1,3,111,3
2021-09-21,Italy,1,1,1,53,1
2021-09-21,Japan,4,1,1,112,4
2021-09-22,Italy,1,0,2,53,1
2021-09-22,Japan,4,1,1,112,4
2021-09-23,Italy,1,0,1,54,1
2021-09-23,Japan,4,1,0,113,4
2021-09-24,Italy,1,0,1,54,1
2021-09-24,Japan,4,1,0,114,3
2021-09-25,Italy,1,0,1,54,1
2021-09-25,Japan,4,1,0,114,3
2021-09-26,Italy,1,0,1,54,1
2021-09-26,Japan,4,1,0,114,3
2021-09-27,Italy,1,0,0,55,1
2021-09-27,Japan,4,2,0,113,3
2021-09-28,Italy,1,0,0,55,1
2021-09-28,Japan,4,3,0,112,3
2021-09-29,Italy,1,0,0,55,1
2021-09-29,Japan,4,3,0,113,2
2021-09-30,Italy,1,0,0,55,1
2021-09-30,Japan,4,3,0,114,1
2021-10-01,Italy,1,0,0,55,1
2021-10-01,Japan,4,2,1,114,1
2021-10-02,Italy,1,0,0,55,1
2021-10-02,Japan,4,1,2,114,1
2021-10-03,Italy,1,0,0,55,1
2021-10-03,Japan,4,0,3,114,1
2021-10-04,Italy,1,0,0,56,0
2021-10-04,Japan,4,0,3,114,1
2021-10-05,Italy,1,0,0,56,0
2021-10-05,Japan,4,0,3,114,1
2021-10-06,Italy,1,0,0,56,0
2021-10-06,Japan,4,0,2,115,1
2021-10-07,Italy,1,0,0,56,0
2021-10-07,Japan,4,0,1,116,1
2021-10-08,Italy,1,0,0,56,0
2021-10-08,Japan,4,0,0,116,2
2021-10-09,Italy,1,0,0,56,0
2021-10-09,Japan,4,0,0,116,2
2021-10-10,Italy,1,0,0,56,0
2021-10-10,Japan,4,0,0,116,2
2021-10-11,Italy,1,0,0,56,0
2021-10-11,Japan,4,0,0,116,2
2021-10-12,Italy,1,0,0,56,0
2021-10-12,Japan,4,0,0,116,2
2021-10-13,Italy,1,0,0,56,0
2021-10-13,Japan,4,0,0,116,2
2021-10-14,Italy,1,0,0,56,0
2021-10-14,Japan,4,0,0,116,2
2021-10-15,Italy,1,0,0,56,0
2021-10-15,Japan,4,0,0,116,2
2021-10-16,Italy,1,0,0,56,0
2021-10-16,Japan,4,0,0,116,2
2021-10-17,Italy,1,0,0,56,0
2021-10-17,Japan,4,0,0,116,2
2021-10-18,Italy,1,0,0,56,0
2021-10-18,Japan,4,0,0,116,2
2021-10-19,Italy,1,0,0,56,0
2021-10-19,Japan,4,1,0,115,2
2021-10-20,Italy,1,2,0,54,0
2021-10-20,Japan,4,1,0,115,2
2021-10-21,Italy,1,2,0,54,0
2021-10-21,Japan,4,1,0,116,1
2021-10-22,Italy,1,1,1,54,0
2021-10-22,Japan,4,1,1,115,1
2021-10-23,Italy,1,2,1,53,0
2021-10-23,Japan,4,1,1,116,0
2021-10-24,Italy,1,2,1,53,0
2021-10-24,Japan,4,1,1,116,0
2021-10-25,Italy,1,2,1,53,0
2021-10-25,Japan,4,3,1,114,0
2021-10-26,Italy,1,2,1,53,0
2021-10-26,Japan,4,3,1,114,0
2021-10-27,Italy,1,2,0,54,0
2021-10-27,Japan,4,4,0,113,1
2021-10-28,Italy,1,3,0,53,0
2021-10-28,Japan,4,6,0,111,1
2021-10-29,Italy,1,2,1,53,0
2021-10-29,Japan,4,6,1,110,1
2021-10-30,Italy,1,2,1,53,0
2021-10-30,Japan,4,6,1,110,1
2021-10-31,Italy,1,2,1,53,0
2021-10-31,Japan,4,8,1,108,1
2021-11-01,Italy,1,2,1,53,0
2021-11-01,Japan,4,9,1,107,1
2021-11-02,Italy,1,1,2,53,0
2021-11-02,Japan,4,9,2,106,1
2021-11-03,Italy,1,1,1,53,1
2021-11-03,Japan,4,10,1,105,2
2021-11-04,Italy,1,1,1,53,1
2021-11-04,Japan,4,9,3,104,2
2021-11-05,Italy,1,0,2,53,1
2021-11-05,Japan,4,9,3,104,2
2021-11-06,Italy,1,0,2,53,1
2021-11-06,Japan,4,11,3,102,2
2021-11-07,Italy,1,0,1,54,1
2021-11-07,Japan,4,9,4,103,2
2021-11-08,Italy,1,0,1,54,1
2021-11-08,Japan,4,12,5,99,2
2021-11-09,Italy,1,1,1,53,1
2021-11-09,Japan,4,14,4,97,3
2021-11-10,Italy,1,3,0,52,1
2021-11-10,Japan,4,10,8,97,3
2021-11-11,Italy,1,3,0,52,1
2021-11-11,Japan,4,10,9,97,2
2021-11-12,Italy,1,4,0,51,1
2021-11-12,Japan,4,10,8,98,2
2021-11-13,Italy,1,5,0,50,1
2021-11-13,Japan,4,9,8,99,2
2021-11-14,Italy,1,5,2,48,1
2021-11-14,Japan,4,9,8,99,2
2021-11-15,Italy,1,5,2,48,1
2021-11-15,Japan,4,10,5,99,4
2021-11-16,Italy,1,4,3,48,1
2021-11-16,Japan,4,12,4,97,5
2021-11-17,Italy,1,5,3,47,1
2021-11-17,Japan,4,12,5,95,6
2021-11-18,Italy,1,6,3,47,0
2021-11-18,Japan,4,10,6,97,5
2021-11-19,Italy,1,7,1,47,1
2021-11-19,Japan,4,10,5,98,5
2021-11-20,Italy,1,8,1,46,1
2021-11-20,Japan,4,12,5,95,6
2021-11-21,Italy,1,8,0,47,1
2021-11-21,Japan,4,13,6,93,6
2021-11-22,Italy,1,7,1,47,1
2021-11-22,Japan,4,10,7,94,7
2021-11-23,Italy,1,6,2,47,1
2021-11-23,Japan,4,12,6,93,7
2021-11-24,Italy,1,4,4,47,1
2021-11-24,Japan,4,11,7,94,6
2021-11-25,Italy,1,5,4,46,1
2021-11-25,Japan,4,13,7,92,6
2021-11-26,Italy,1,5,5,45,1
2021-11-26,Japan,4,12,8,92,6
2021-11-27,Italy,1,4,5,46,1
2021-11-27,Japan,4,11,6,94,7
2021-11-28,Italy,1,8,4,43,1
2021-11-28,Japan,4,14,5,91,8
2021-11-29,Italy,1,9,2,43,2
2021-11-29,Japan,4,15,4,90,9
2021-11-30,Italy,1,9,3,42,2
2021-11-30,Japan,4,18,5,88,7
2021-12-01,Italy,1,11,2,40,3
2021-12-01,Japan,4,16,5,90,7
2021-12-02,Italy,1,12,1,40,3
2021-12-02,Japan,4,15,5,92,6
2021-12-03,Italy,1,11,2,40,3
2021-12-03,Japan,4,13,7,92,6
2021-12-04,Italy,1,12,2,40,2
2021-12-04,Japan,4,12,8,92,6
2021-12-05,Italy,1,11,3,40,2
2021-12-05,Japan,4,14,6,93,5
2021-12-06,Italy,1,11,3,40,2
2021-12-06,Japan,4,15,6,92,5
2021-12-07,Italy,1,10,5,39,2
2021-12-07,Japan,4,16,7,90,5
2021-12-08,Italy,1,11,5,37,3
2021-12-08,Japan,4,17,6,89,6
2021-12-09,Italy,1,12,5,36,3
2021-12-09,Japan,4,18,6,88,6
2021-12-10,Italy,1,11,5,36,4
2021-12-10,Japan,4,17,9,86,6
2021-12-11,Italy,1,10,7,35,4
2021-12-11,Japan,4,14,11,87,6
2021-12-12,Italy,1,10,5,36,5
2021-12-12,Japan,4,14,9,90,5
2021-12-13,Italy,1,9,6,35,6
2021-12-13,Japan,4,17,8,89,4
2021-12-14,Italy,1,8,8,35,5
2021-12-14,Japan,4,16,9,89,4
2021-12-15,Italy,1,7,7,36,6
2021-12-15,Japan,4,15,8,91,4
2021-12-16,Italy,1,5,8,37,6
2021-12-16,Japan,4,15,6,92,5
2021-12-17,Italy,1,6,8,36,6
2021-12-17,Japan,4,15,7,91,5
2021-12-18,Italy,1,5,7,38,6
2021-12-18,Japan,4,14,10,89,5
2021-12-19,Italy,1,6,5,37,8
2021-12-19,Japan,4,15,9,89,5
2021-12-20,Italy,1,7,5,35,9
2021-12-20,Japan,4,15,8,90,5
2021-12-21,Italy,1,6,3,37,10
2021-12-21,Japan,4,15,7,89,7
2021-12-22,Italy,1,6,4,36,10
2021-12-22,Japan,4,14,10,87,7
2021-12-23,Italy,1,8,3,35,10
2021-12-23,Japan,4,15,7,87,9
2021-12-24,Italy,1,8,4,34,10
2021-12-24,Japan,4,14,7,88,9
2021-12-25,Italy,1,8,4,35,9
2021-12-25,Japan,4,14,9,86,9
2021-12-26,Italy,1,9,3,35,9
2021-12-26,Japan,4,17,9,82,10
2021-12-27,Italy,1,9,2,36,9
2021-12-27,Japan,4,16,6,84,12
2021-12-28,Italy,1,9,2,37,8
2021-12-28,Japan,4,17,6,83,12
2021-12-29,Italy,1,8,2,38,8
2021-12-29,Japan,4,15,7,84,12
2021-12-30,Italy,1,8,1,40,7
2021-12-30,Japan,4,16,5,84,13
2021-12-31,Italy,1,9,2,39,6
2021-12-31,Japan,4,12,9,86,11
2022-01-01,Italy,1,9,2,39,6
2022-01-01,Japan,4,14,8,84,12
2022-01-02,Italy,1,8,3,39,6
2022-01-02,Japan,4,13,9,84,12
2022-01-03,Italy,1,7,3,41,5
2022-01-03,Japan,4,14,7,84,13
2022-01-04,Italy,1,7,3,42,4
2022-01-04,Japan,4,13,7,84,14
2022-01-05,Italy,1,8,2,43,3
2022-01-05,Japan,4,13,3,88,14
2022-01-06,Italy,1,7,3,43,3
2022-01-06,Japan,4,14,3,88,13
2022-01-07,Italy,1,6,3,45,2
2022-01-07,Japan,4,14,2,92,10
2022-01-08,Italy,1,5,3,46,2
2022-01-08,Japan,4,11,5,92,10
2022-01-09,Italy,1,4,4,46,2
2022-01-09,Japan,4,10,5,93,10
2022-01-10,Italy,1,4,4,46,2
2022-01-10,Japan,4,9,5,94,10
2022-01-11,Italy,1,3,4,48,1
2022-01-11,Japan,4,7,8,95,8
2022-01-12,Italy,1,4,3,48,1
2022-01-12,Japan,4,7,8,95,8
2022-01-13,Italy,1,3,3,48,2
2022-01-13,Japan,4,7,5,97,9
2022-01-14,Italy,1,2,3,48,3
2022-01-14,Japan,4,7,5,97,9
2022-01-15,Italy,1,2,3,48,3
2022-01-15,Japan,4,6,5,98,9
2022-01-16,Italy,1,2,3,48,3
2022-01-16,Japan,4,7,2,100,9
2022-01-17,Italy,1,2,3,48,3
2022-01-17,Japan,4,10,2,97,9
2022-01-18,Italy,1,2,2,49,3
2022-01-18,Japan,4,10,2,98,8
2022-01-19,Italy,1,3,1,49,3
2022-01-19,Japan,4,8,4,99,7
2022-01-20,Italy,1,3,1,49,3
2022-01-20,Japan,4,8,4,101,5
2022-01-21,Italy,1,3,0,50,3
2022-01-21,Japan,4,6,6,101,5
2022-01-22,Italy,1,4,0,49,3
2022-01-22,Japan,4,7,6,100,5
2022-01-23,Italy,1,3,1,49,3
2022-01-23,Japan,4,6,8,99,5
2022-01-24,Italy,1,3,1,49,3
2022-01-24,Japan,4,5,6,100,7
2022-01-25,Italy,1,2,2,49,3
2022-01-25,Japan,4,5,5,102,6
2022-01-26,Italy,1,3,2,48,3
2022-01-26,Japan,4,4,4,103,7
2022-01-27,Italy,1,3,2,48,3
2022-01-27,Japan,4,4,4,103,7
2022-01-28,Italy,1,3,1,49,3
2022-01-28,Japan,4,5,2,106,5
2022-01-29,Italy,1,3,1,50,2
2022-01-29,Japan,4,4,3,107,4
2022-01-30,Italy,1,3,0,50,3
2022-01-30,Japan,4,4,3,107,4
2022-01-31,Italy,1,3,0,50,3
2022-01-31,Japan,4,4,2,108,4
2022-02-01,Italy,1,3,0,50,3
2022-02-01,Japan,4,4,2,108,4
2022-02-02,Italy,1,4,0,50,2
2022-02-02,Japan,4,4,2,108,4
2022-02-03,Italy,1,3,1,50,2
2022-02-03,Japan,4,4,0,109,5
2022-02-04,Italy,1,3,1,50,2
2022-02-04,Japan,4,3,2,108,5
2022-02-05,Italy,1,3,1,50,2
2022-02-05,Japan,4,3,3,107,5
2022-02-06,Italy,1,3,1,50,2
2022-02-06,Japan,4,2,4,107,5
2022-02-07,Italy,1,3,1,50,2
2022-02-07,Japan,4,2,4,107,5
2022-02-08,Italy,1,3,0,50,3
2022-02-08,Japan,4,2,4,109,3
2022-02-09,Italy,1,3,0,50,3
2022-02-09,Japan,4,2,2,111,3
2022-02-10,Italy,1,3,0,50,3
2022-02-10,Japan,4,2,1,112,3
2022-02-11,Italy,1,3,0,50,3
2022-02-11,Japan,4,2,0,113,3
2022-02-12,Italy,1,3,0,51,2
2022-02-12,Japan,4,2,0,113,3
2022-02-13,Italy,1,3,0,51,2
2022-02-13,Japan,4,2,0,113,3
2022-02-14,Italy,1,2,1,52,1
2022-02-14,Japan,4,2,0,113,3
2022-02-15,Italy,1,2,1,52,1
2022-02-15,Japan,4,2,0,114,2
2022-02-16,Italy,1,2,1,52,1
2022-02-16,Japan,4,2,0,114,2
2022-02-17,Italy,1,2,1,52,1
2022-02-17,Japan,4,2,0,114,2
2022-02-18,Italy,1,2,1,52,1
2022-02-18,Japan,4,2,0,115,1
2022-02-19,Italy,1,2,0,52,2
2022-02-19,Japan,4,3,0,114,1
2022-02-20,Italy,1,1,1,52,2
2022-02-20,Japan,4,3,0,114,1
2022-02-21,Italy,1,0,2,52,2
2022-02-21,Japan,4,3,1,113,1
2022-02-22,Italy,1,0,2,52,2
2022-02-22,Japan,4,2,2,113,1
2022-02-23,Italy,1,0,2,53,1
2022-02-23,Japan,4,1,3,113,1
2022-02-24,Italy,1,0,2,53,1
2022-02-24,Japan,4,1,3,113,1
2022-02-25,Italy,1,1,1,52,2
2022-02-25,Japan,4,1,3,114,0
2022-02-26,Italy,1,1,0,52,3
2022-02-26,Japan,4,1,2,114,1
2022-02-27,Italy,1,1,0,52,3
2022-02-27,Japan,4,1,1,114,2
2022-02-28,Italy,1,1,0,52,3
2022-02-28,Japan,4,1,0,114,3
2022-03-01,Italy,1,1,0,52,3
2022-03-01,Japan,4,1,0,114,3
2022-03-02,Italy,1,1,0,52,3
2022-03-02,Japan,4,1,0,114,3
2022-03-03,Italy,1,1,0,52,3
2022-03-03,Japan,4,1,0,114,3
2022-03-04,Italy,1,1,0,52,3
2022-03-04,Japan,4,1,0,114,3
2022-03-05,Italy,1,0,1,52,3
2022-03-05,Japan,4,1,0,114,3
2022-03-06,Italy,1,0,1,53,2
2022-03-06,Japan,4,1,0,114,3
2022-03-07,Italy,1,0,1,53,2
2022-03-07,Japan,4,1,0,114,3
2022-03-08,Italy,1,1,1,52,2
2022-03-08,Japan,4,2,0,113,3
2022-03-09,Italy,1,1,1,52,2
2022-03-09,Japan,4,2,0,113,3
2022-03-10,Italy,1,1,0,52,3
2022-03-10,Japan,4,3,0,112,3
2022-03-11,Italy,1,2,0,51,3
2022-03-11,Japan,4,3,0,112,3
2022-03-12,Italy,1,2,0,52,2
2022-03-12,Japan,4,4,0,111,3
2022-03-13,Italy,1,2,0,53,1
2022-03-13,Japan,4,6,0,110,2
2022-03-14,Italy,1,2,0,53,1
2022-03-14,Japan,4,7,0,110,1
2022-03-15,Italy,1,2,0,53,1
2022-03-15,Japan,4,8,0,110,0
2022-03-16,Italy,1,1,1,53,1
2022-03-16,Japan,4,10,0,108,0
2022-03-17,Italy,1,1,1,53,1
2022-03-17,Japan,4,10,0,108,0
2022-03-18,Italy,1,1,1,53,1
2022-03-18,Japan,4,9,1,108,0
2022-03-19,Italy,1,2,1,52,1
2022-03-19,Japan,4,11,1,106,0
2022-03-20,Italy,1,3,1,51,1
2022-03-20,Japan,4,12,1,105,0
2022-03-21,Italy,1,2,1,51,2
2022-03-21,Japan,4,11,2,105,0
2022-03-22,Italy,1,3,1,50,2
2022-03-22,Japan,4,10,3,105,0
2022-03-23,Italy,1,3,1,50,2
2022-03-23,Japan,4,11,2,105,0
2022-03-24,Italy,1,2,2,50,2
2022-03-24,Japan,4,12,3,103,0
2022-03-25,Italy,1,2,2,51,1
2022-03-25,Japan,4,12,4,102,0
2022-03-26,Italy,1,2,1,52,1
2022-03-26,Japan,4,13,3,101,1
2022-03-27,Italy,1,2,1,52,1
2022-03-27,Japan,4,13,3,100,2
2022-03-28,Italy,1,2,2,51,1
2022-03-28,Japan,4,12,6,98,2
2022-03-29,Italy,1,3,1,51,1
2022-03-29,Japan,4,12,5,99,2
2022-03-30,Italy,1,3,2,50,1
2022-03-30,Japan,4,12,4,99,3
2022-03-31,Italy,1,3,2,50,1
2022-03-31,Japan,4,12,7,96,3
2022-04-01,Italy,1,3,2,50,1
2022-04-01,Japan,4,14,6,94,4
2022-04-02,Italy,1,3,2,49,2
2022-04-02,Japan,4,16,3,94,5
2022-04-03,Italy,1,3,2,49,2
2022-04-03,Japan,4,16,3,94,5
2022-04-04,Italy,1,2,3,49,2
2022-04-04,Japan,4,13,6,94,5
2022-04-05,Italy,1,3,3,49,1
2022-04-05,Japan,4,16,3,92,7
2022-04-06,Italy,1,2,4,49,1
2022-04-06,Japan,4,15,6,90,7
2022-04-07,Italy,1,2,3,49,2
2022-04-07,Japan,4,15,7,89,7
2022-04-08,Italy,1,2,3,49,2
2022-04-08,Japan,4,16,7,88,7
2022-04-09,Italy,1,2,1,50,3
2022-04-09,Japan,4,17,4,88,9
2022-04-10,Italy,1,3,1,49,3
2022-04-10,Japan,4,13,8,89,8
2022-04-11,Italy,1,3,0,50,3
2022-04-11,Japan,4,14,6,90,8
2022-04-12,Italy,1,3,1,49,3
2022-04-12,Japan,4,17,5,88,8
2022-04-13,Italy,1,2,2,49,3
2022-04-13,Japan,4,19,5,86,8
2022-04-14,Italy,1,3,2,48,3
2022-04-14,Japan,4,20,5,86,7
2022-04-15,Italy,1,4,2,47,3
2022-04-15,Japan,4,20,4,84,10
2022-04-16,Italy,1,5,3,45,3
2022-04-16,Japan,4,21,5,82,10
2022-04-17,Italy,1,5,2,47,2
2022-04-17,Japan,4,17,9,83,9
2022-04-18,Italy,1,7,1,45,3
2022-04-18,Japan,4,15,11,83,9
2022-04-19,Italy,1,7,1,45,3
2022-04-19,Japan,4,17,11,81,9
2022-04-20,Italy,1,7,1,45,3
2022-04-20,Japan,4,19,8,84,7
2022-04-21,Italy,1,7,2,44,3
2022-04-21,Japan,4,17,8,86,7
2022-04-22,Italy,1,7,2,45,2
2022-04-22,Japan,4,17,5,88,8
2022-04-23,Italy,1,7,3,44,2
2022-04-23,Japan,4,18,3,88,9
2022-04-24,Italy,1,7,3,45,1
2022-04-24,Japan,4,19,3,89,7
2022-04-25,Italy,1,9,3,43,1
2022-04-25,Japan,4,18,5,88,7
2022-04-26,Italy,1,7,4,44,1
2022-04-26,Japan,4,17,4,89,8
2022-04-27,Italy,1,7,5,43,1
2022-04-27,Japan,4,16,6,88,8
2022-04-28,Italy,1,7,5,42,2
2022-04-28,Japan,4,15,7,88,8
2022-04-29,Italy,1,8,5,41,2
2022-04-29,Japan,4,16,7,87,8
2022-04-30,Italy,1,10,5,39,2
2022-04-30,Japan,4,15,8,90,5
2022-05-01,Italy,1,9,4,40,3
2022-05-01,Japan,4,17,8,89,4
2022-05-02,Italy,1,7,5,41,3
2022-05-02,Japan,4,17,5,91,5
2022-05-03,Italy,1,5,6,42,3
2022-05-03,Japan,4,15,6,92,5
2022-05-04,Italy,1,6,7,40,3
2022-05-04,Japan,4,14,8,91,5
2022-05-05,Italy,1,6,8,39,3
2022-05-05,Japan,4,13,6,92,7
2022-05-06,Italy,1,8,6,37,5
2022-05-06,Japan,4,18,5,88,7
2022-05-07,Italy,1,7,5,37,7
2022-05-07,Japan,4,16,8,88,6
2022-05-08,Italy,1,8,4,36,8
2022-05-08,Japan,4,18,8,86,6
2022-05-09,Italy,1,9,3,36,8
2022-05-09,Japan,4,16,8,87,7
2022-05-10,Italy,1,7,4,36,9
2022-05-10,Japan,4,16,8,86,8
2022-05-11,Italy,1,6,5,36,9
2022-05-11,Japan,4,14,11,87,6
2022-05-12,Italy,1,6,6,34,10
2022-05-12,Japan,4,14,10,88,6
2022-05-13,Italy,1,6,6,35,9
2022-05-13,Japan,4,11,11,90,6
2022-05-14,Italy,1,6,6,35,9
2022-05-14,Japan,4,13,9,88,8
2022-05-15,Italy,1,5,5,36,10
2022-05-15,Japan,4,13,9,87,9
2022-05-16,Italy,1,5,4,37,10
2022-05-16,Japan,4,14,6,88,10
2022-05-17,Italy,1,5,3,36,12
2022-05-17,Japan,4,15,6,86,11
2022-05-18,Italy,1,3,4,38,11
2022-05-18,Japan,4,14,4,88,12
2022-05-19,Italy,1,4,4,37,11
2022-05-19,Japan,4,14,5,87,12
2022-05-20,Italy,1,5,3,37,11
2022-05-20,Japan,4,15,5,87,11
2022-05-21,Italy,1,5,3,39,9
2022-05-21,Japan,4,17,6,84,11
2022-05-22,Italy,1,6,2,40,8
2022-05-22,Japan,4,17,4,85,12
2022-05-23,Italy,1,5,1,42,8
2022-05-23,Japan,4,16,4,87,11
2022-05-24,Italy,1,5,1,42,8
2022-05-24,Japan,4,15,4,89,10
2022-05-25,Italy,1,5,1,43,7
2022-05-25,Japan,4,15,4,90,9
2022-05-26,Italy,1,5,1,43,7
2022-05-26,Japan,4,17,3,89,9
2022-05-27,Italy,1,5,1,44,6
2022-05-27,Japan,4,15,6,88,9
2022-05-28,Italy,1,4,1,45,6
2022-05-28,Japan,4,15,5,89,9
2022-05-29,Italy,1,5,1,44,6
2022-05-29,Japan,4,18,5,88,7
2022-05-30,Italy,1,5,2,44,5
2022-05-30,Japan,4,20,4,87,7
2022-05-31,Italy,1,4,3,45,4
2022-05-31,Japan,4,18,6,88,6
2022-06-01,Italy,1,3,4,47,2
2022-06-01,Japan,4,18,4,91,5
2022-06-02,Italy,1,2,4,48,2
2022-06-02,Japan,4,17,5,92,4
2022-06-03,Italy,1,3,4,47,2
2022-06-03,Japan,4,15,6,93,4
2022-06-04,Italy,1,3,3,47,3
2022-06-04,Japan,4,12,10,93,3
2022-06-05,Italy,1,2,3,47,4
2022-06-05,Japan,4,10,10,95,3
2022-06-06,Italy,1,2,2,48,4
2022-06-06,Japan,4,7,12,97,2
2022-06-07,Italy,1,1,2,50,3
2022-06-07,Japan,4,7,11,98,2
2022-06-08,Italy,1,1,2,50,3
2022-06-08,Japan,4,6,10,100,2
2022-06-09,Italy,1,1,2,50,3
2022-06-09,Japan,4,8,6,100,4
2022-06-10,Italy,1,1,1,50,4
2022-06-10,Japan,4,9,5,99,5
2022-06-11,Italy,1,1,1,50,4
2022-06-11,Japan,4,9,3,100,6
2022-06-12,Italy,1,1,0,51,4
2022-06-12,Japan,4,5,8,99,6
2022-06-13,Italy,1,2,0,50,4
2022-06-13,Japan,4,5,7,100,6
2022-06-14,Italy,1,2,0,50,4
2022-06-14,Japan,4,4,8,101,5
2022-06-15,Italy,1,3,0,49,4
2022-06-15,Japan,4,4,7,102,5
2022-06-16,Italy,1,3,0,49,4
2022-06-16,Japan,4,5,6,103,4
2022-06-17,Italy,1,3,0,49,4
2022-06-17,Japan,4,5,1,105,7
2022-06-18,Italy,1,3,0,49,4
2022-06-18,Japan,4,5,1,105,7
2022-06-19,Italy,1,3,0,50,3
2022-06-19,Japan,4,6,0,105,7
2022-06-20,Italy,1,3,0,51,2
2022-06-20,Japan,4,5,1,105,7
2022-06-21,Italy,1,3,0,52,1
2022-06-21,Japan,4,5,1,105,7
2022-06-22,Italy,1,3,0,52,1
2022-06-22,Japan,4,4,2,105,7
2022-06-23,Italy,1,2,1,52,1
2022-06-23,Japan,4,3,3,105,7
2022-06-24,Italy,1,3,1,51,1
2022-06-24,Japan,4,2,4,107,5
2022-06-25,Italy,1,3,1,52,0
2022-06-25,Japan,4,1,4,108,5
2022-06-26,Italy,1,3,1,52,0
2022-06-26,Japan,4,2,4,108,4
2022-06-27,Italy,1,3,1,52,0
2022-06-27,Japan,4,2,3,109,4
2022-06-28,Italy,1,2,1,53,0
2022-06-28,Japan,4,2,2,109,5
2022-06-29,Italy,1,1,2,53,0
2022-06-29,Japan,4,2,1,110,5
2022-06-30,Italy,1,1,2,53,0
2022-06-30,Japan,4,2,0,110,6
2022-07-01,Italy,1,1,2,53,0
2022-07-01,Japan,4,2,0,110,6
2022-07-02,Italy,1,1,2,53,0
2022-07-02,Japan,4,1,1,113,3
2022-07-03,Italy,1,1,1,54,0
2022-07-03,Japan,4,1,1,113,3
2022-07-04,Italy,1,1,0,54,1
2022-07-04,Japan,4,1,1,113,3
2022-07-05,Italy,1,2,0,53,1
2022-07-05,Japan,4,1,1,113,3
2022-07-06,Italy,1,2,0,53,1
2022-07-06,Japan,4,1,1,113,3
2022-07-07,Italy,1,2,0,53,1
2022-07-07,Japan,4,1,0,113,4
2022-07-08,Italy,1,0,2,53,1
2022-07-08,Japan,4,1,0,113,4
2022-07-09,Italy,1,0,2,53,1
2022-07-09,Japan,4,1,0,113,4
2022-07-10,Italy,1,0,2,53,1
2022-07-10,Japan,4,1,0,114,3
2022-07-11,Italy,1,1,2,52,1
2022-07-11,Japan,4,1,0,114,3
2022-07-12,Italy,1,2,2,51,1
2022-07-12,Japan,4,2,0,113,3
2022-07-13,Italy,1,2,0,52,2
2022-07-13,Japan,4,3,0,113,2
2022-07-14,Italy,1,2,0,52,2
2022-07-14,Japan,4,3,1,112,2
2022-07-15,Italy,1,2,0,52,2
2022-07-15,Japan,4,3,1,113,1
2022-07-16,Italy,1,2,0,52,2
2022-07-16,Japan,4,3,1,113,1
2022-07-17,Italy,1,2,0,52,2
2022-07-17,Japan,4,2,2,113,1
2022-07-18,Italy,1,1,1,52,2
2022-07-18,Japan,4,2,2,113,1
2022-07-19,Italy,1,1,1,53,1
2022-07-19,Japan,4,1,2,113,2
2022-07-20,Italy,1,1,1,53,1
2022-07-20,Japan,4,1,2,113,2
2022-07-21,Italy,1,1,1,53,1
2022-07-21,Japan,4,0,3,113,2
2022-07-22,Italy,1,1,1,53,1
2022-07-22,Japan,4,1,2,114,1
2022-07-23,Italy,1,1,0,54,1
2022-07-23,Japan,4,1,2,114,1
2022-07-24,Italy,1,2,0,53,1
2022-07-24,Japan,4,1,1,114,2
2022-07-25,Italy,1,3,0,52,1
2022-07-25,Japan,4,1,1,114,2
2022-07-26,Italy,1,3,0,52,1
2022-07-26,Japan,4,0,1,115,2
2022-07-27,Italy,1,2,1,52,1
2022-07-27,Japan,4,0,1,115,2
2022-07-28,Italy,1,3,1,52,0
2022-07-28,Japan,4,1,1,114,2
2022-07-29,Italy,1,3,1,52,0
2022-07-29,Japan,4,0,2,114,2
2022-07-30,Italy,1,2,2,52,0
2022-07-30,Japan,4,0,2,114,2
2022-07-31,Italy,1,2,2,52,0
2022-07-31,Japan,4,0,1,114,3
2022-08-01,Italy,1,53,1,1,1
2022-08-01,Japan,4,114,0,3,1
